week,amount1,amount2,amount3,amount4,amount5,amount6,amount7,amount8,amount9,amount10,amount11,amount12,amount13,amount14,amount15,amount16,amount17,amount18,amount19,amount20
1,60,27,-97,-89,-72,13,-50,41,-45,4,-38,-44,-19,-97,-74,-88,85,-97,50,70
2,-11,-89,28,-4,20,-84,-39,81,23,-68,85,58,42,-69,-77,-18,18,-80,49,96
3,-42,-10,4,-25,77,64,-8,4,-63,50,27,95,-66,2,-79,-23,-82,-65,98,-40
4,13,-38,28,-8,-69,-99,74,66,-27,64,24,84,-52,27,-27,3,-83,53,-45,41
5,18,2,-99,-44,1,-51,-48,-60,64,34,14,-67,-9,-13,6,-57,36,-84,-75,71
6,75,-73,90,-73,-73,-83,-90,16,-27,68,-50,13,-84,-87,-81,-2,-2,81,14,45
7,41,66,-22,31,46,-14,22,51,-66,10,47,81,20,92,-57,-62,57,-11,-35,-90
8,21,-62,14,-1,-60,37,-3,-37,31,32,79,62,-71,20,-16,-62,-16,63,14,-15
9,-66,24,70,85,-65,43,-56,71,81,25,12,48,61,29,-37,-40,19,-52,76,-46
10,40,-25,21,57,92,90,76,-30,-75,3,-61,52,-74,66,78,-57,77,-72,-27,71
11,-3,-16,-27,-97,78,-56,85,57,73,6,-38,29,-91,-22,-59,15,-31,-96,97,-2
12,-74,-71,33,-45,-84,-28,-26,96,-49,84,-83,-5,-40,67,-62,-67,27,47,-36,-73
13,15,66,57,94,34,64,-85,64,-1,-23,-36,53,9,-24,98,25,23,-14,79,-2
14,-49,-1,-24,-44,-58,-14,-14,14,-79,45,-16,47,-95,-61,-31,89,78,70,54,-86
15,77,-51,-48,-3,-46,-87,-54,80,84,63,50,-30,-90,0,8,-68,-57,-21,82,39
16,94,9,-100,31,-74,53,-25,24,-19,87,-97,99,-19,-56,26,-50,57,8,39,-17
17,87,98,-1,-19,-20,-64,67,-80,52,78,-37,69,75,-90,1,99,-53,-86,-100,-24
18,-27,4,60,-98,-95,-94,18,-75,-37,4,33,-9,29,-71,82,25,66,-22,60,61
19,-78,-91,30,15,66,-61,59,-99,-50,0,17,52,42,-54,63,-46,-29,-49,-94,-83
20,-21,-50,-47,96,31,93,94,90,-15,-36,-50,36,75,-88,-11,-18,45,28,-81,22
21,19,-16,-18,-22,-59,63,-51,99,-92,-14,-58,-60,27,26,-100,32,-95,53,36,15
22,43,76,18,75,55,97,-89,69,-2,-86,-45,75,59,-92,-41,60,99,91,84,-23
23,-19,-42,49,31,7,-61,42,34,87,-56,49,15,-58,13,-98,39,65,-27,90,68
24,-71,76,35,55,-78,0,1,-46,18,-8,-34,-58,38,-23,-67,36,30,1,97,-58
25,-26,84,-67,-7,100,-34,38,66,-74,17,-7,82,-47,70,-24,-35,-59,-35,-2,-20
26,53,-16,-54,-52,-53,39,-7,41,-39,-69,-72,57,21,48,-83,20,93,60,19,96
27,-69,-24,17,-58,12,-40,20,-7,-50,-17,88,58,6,-63,-2,92,-96,-1,-86,54
28,-29,80,-63,-6,68,-69,-37,15,82,-75,31,-85,88,73,-88,-22,59,-19,70,-78
29,90,85,-95,94,-51,97,-75,-71,3,45,-91,-2,90,38,-65,-91,-76,88,-40,-13
30,-65,96,-74,-60,-39,-99,43,-15,-70,44,-36,25,88,94,-93,-50,-4,17,46,1
31,100,31,59,65,-5,70,45,-9,29,68,76,22,74,-51,-34,87,-65,-98,-83,79
32,-91,-55,60,-22,-46,83,-48,35,-63,-10,-7,86,-78,1,27,24,72,19,25,-59
33,74,77,51,44,-74,-89,83,18,75,69,-41,79,-17,-61,-68,-59,55,32,-14,81
34,-85,54,-33,17,-72,31,86,-52,64,50,55,56,-57,58,9,-42,17,36,-5,94
35,89,-48,28,-13,33,70,38,19,-8,9,85,91,-99,54,-30,-76,43,48,98,10
36,-71,-25,-99,-40,55,46,69,-46,78,27,-17,96,90,-100,75,65,87,100,89,-93
37,97,-80,-80,-40,39,50,-26,6,-43,86,-14,16,-43,-78,70,-18,1,-53,47,-15
38,3,74,-60,10,-49,39,30,-19,-77,31,-53,-28,-51,-21,-16,-77,43,18,-43,-26
39,-49,7,76,-30,-63,91,91,-93,22,79,35,89,85,-49,39,68,27,-61,-50,-56
40,99,-100,66,-88,59,-58,8,58,-64,75,-74,83,-53,-65,-41,9,67,-26,41,-71
41,51,-18,-76,-24,-28,-79,-54,67,57,-14,56,31,-11,81,98,71,32,-68,73,-22
42,-38,-63,-85,-65,-8,8,66,-33,33,6,38,41,57,-43,-12,-5,-80,-56,88,-5
43,-62,-40,38,-51,74,-68,24,-90,36,-39,54,-67,69,-46,-34,56,-78,37,2,-61
44,-29,21,62,97,-25,-3,-78,-64,56,69,-96,-16,40,-99,21,-65,28,-15,55,-66
45,-50,10,-58,-15,48,84,19,96,89,-91,59,-15,-6,67,25,-63,-51,-80,59,-26
46,28,31,-90,56,2,91,-56,-31,-79,77,-35,-65,4,78,-54,69,-53,-35,-33,-88
47,72,57,22,66,24,-32,-32,-64,-17,21,76,1,16,-75,29,-1,-59,-25,-100,-15
48,11,-72,-2,-93,-40,52,-60,59,7,39,57,25,94,-72,-92,95,58,82,-59,90
49,56,-31,-67,97,48,43,71,56,-33,-76,7,-79,-39,14,12,58,73,-100,83,-49
50,-34,91,30,42,-74,-17,-37,-4,9,33,-95,-76,100,99,44,58,-81,-30,10,75
51,-96,2,96,63,35,-76,89,63,-58,-48,-49,-82,-17,-91,-51,91,-24,62,5,20
52,88,-24,1,-71,65,-85,-1,-73,-81,-94,-92,-5,55,76,-8,92,-36,61,81,-97
53,-58,72,21,-34,47,-99,-20,1,-51,91,98,9,81,98,-21,-9,-40,87,-3,-55
54,-61,24,-37,-85,5,29,-75,85,-64,71,82,94,17,89,-13,-5,-62,-58,-92,43
55,-85,34,-41,-83,-45,-68,-14,-34,-72,74,41,84,13,83,48,89,96,65,58,-24
56,93,-89,36,41,22,-63,-73,6,89,10,-41,35,2,28,-73,42,68,19,39,31
57,-60,-34,-39,25,-40,88,85,31,-57,-1,-88,-70,61,-40,-52,-14,-4,-44,-92,-75
58,-42,10,0,-82,-7,87,-98,4,-70,-75,-62,-23,-18,-86,76,-14,-89,25,-55,84
59,-64,84,38,32,67,29,48,58,44,-5,-12,-15,14,66,95,-55,99,-91,-14,-4
60,33,-93,-40,-17,23,-44,-76,24,98,-88,48,-32,-69,48,-25,-48,-93,-57,-52,47
61,58,-48,-64,54,-31,70,67,-46,-64,-93,69,63,-46,68,-70,-91,-66,85,25,-5
62,-4,97,-68,100,-34,29,3,54,-40,34,-6,35,47,88,3,-65,-44,71,46,-70
63,-77,66,-42,-31,-25,76,53,-32,100,85,30,-86,-44,-42,-8,-100,48,-2,-51,-12
64,-6,60,-49,-11,-81,-94,43,17,63,-51,28,73,-95,34,-1,-94,17,-13,19,89
65,-44,5,3,0,-57,-74,66,5,-11,5,-62,-7,53,-12,99,24,-50,-75,-81,-19
66,42,66,-40,39,52,-4,-13,-36,-40,72,79,37,-50,70,-96,-77,6,1,-48,33
67,-19,-82,23,90,-91,8,-56,-64,-94,-42,4,61,-43,-24,-88,18,-93,58,-35,-15
68,6,94,64,-77,98,-58,-15,47,-76,49,42,-75,24,-42,99,-39,-66,-57,80,-2
69,-84,79,-38,81,-4,-27,13,-63,72,75,-63,-65,-34,80,37,20,43,84,-7,-95
70,22,-62,-24,-78,-27,-35,16,82,11,0,70,-81,43,42,-31,-56,34,87,49,9
71,66,-38,89,58,39,59,13,-37,-34,-37,-7,-49,-78,13,61,1,39,-69,-14,51
72,-71,51,-38,47,-71,-8,-14,-36,-94,24,44,-22,86,60,-83,84,45,-74,15,-91
73,-74,-99,-25,45,-47,96,36,-14,-100,-95,-96,92,77,3,51,17,74,21,69,-78
74,-11,79,-80,36,-100,77,-49,41,76,-2,54,44,35,77,1,-48,0,63,98,-65
75,58,34,-63,35,89,-73,-69,11,-93,-73,9,-40,-13,29,-82,-34,78,-13,-41,55
76,-98,-2,-2,-67,95,-64,-69,86,24,-14,-31,-64,44,69,75,-20,-30,-23,33,57
77,-69,16,-29,86,100,9,84,-91,-43,17,-10,22,78,-19,25,-92,-55,-50,53,35
78,-36,98,27,-28,-76,61,-72,-66,-11,19,-72,-6,-92,87,-95,45,-84,-99,97,-67
79,-18,-7,-64,0,-55,-44,-27,61,4,-50,54,21,-97,-88,-19,79,97,-67,-47,84
80,1,-6,84,-24,66,3,-55,-53,58,10,-4,-45,18,-96,-52,-52,89,-80,-5,-18
81,-32,-29,-37,-5,13,-7,63,-90,-5,-24,-10,-23,-20,-92,-42,30,4,32,60,45
82,62,-43,84,78,-36,-56,56,-73,-6,-36,57,-80,-43,-65,-35,39,40,-41,54,37
83,54,-100,-64,13,-54,68,58,43,39,47,-19,-21,72,11,82,-33,24,42,-27,82
84,-35,10,50,-97,-28,70,100,72,29,73,43,-68,-92,79,-37,78,84,-20,-14,87
85,-56,-31,-65,-88,-30,-97,98,-20,94,59,-2,30,43,-3,17,12,-74,80,19,72
86,71,-56,-83,-53,-39,-1,64,-100,32,83,-76,55,-71,29,53,59,-69,96,61,70
87,-68,75,37,93,8,74,91,-96,84,-71,44,66,-73,-73,42,31,96,-1,14,36
88,82,66,-36,12,-8,-54,-2,-19,-95,-86,75,-78,31,-59,8,12,-26,50,32,4
89,49,96,-85,55,-38,41,-22,-7,90,-16,96,4,21,-71,17,-15,53,-64,-78,10
90,29,-15,43,53,-4,5,-20,-35,60,10,10,48,-73,-82,-65,-98,7,16,-77,-45
91,67,-83,89,34,-94,55,-7,72,65,57,48,49,66,100,14,71,70,17,-92,-13
92,-23,-36,-47,20,-28,84,93,-26,-7,10,69,-97,75,97,58,-15,85,-18,94,91
93,-86,16,35,60,-59,63,31,-8,-69,13,-1,-58,-76,83,41,25,80,-37,100,5
94,10,-83,88,75,78,89,4,-89,84,89,35,7,-29,41,40,-95,56,-88,71,23
95,-45,-15,61,5,-4,-31,6,38,-68,-36,-89,4,-60,-99,7,61,86,33,-70,-63
96,57,-31,41,-63,-44,-51,-46,19,-97,66,41,-42,41,-46,-62,66,97,-67,-40,-18
97,-74,-64,-15,87,-14,-87,-91,-28,66,-75,-75,-24,-76,-80,-100,-76,32,86,-26,26
98,4,-78,30,20,-81,-70,-63,-20,-3,25,98,98,75,-20,18,81,-62,7,-24,99
99,-46,-26,29,-93,-41,71,24,86,-99,41,-83,14,86,60,91,-68,-26,-67,-8,3
100,-25,55,-79,13,70,82,-34,8,19,42,-90,98,-44,-43,-6,-59,-19,-91,42,-98
101,-93,55,-34,-17,53,-11,-52,72,57,62,67,-48,52,-55,-73,100,69,52,-34,83
102,-34,2,89,57,2,-60,65,87,12,27,89,83,14,-19,52,52,-69,-10,2,-13
103,81,92,-8,-27,44,24,-54,86,-77,-90,-97,15,85,-56,41,-73,-32,36,20,99
104,71,-69,-10,81,-29,24,2,62,-82,-36,0,63,-34,76,-63,-43,-32,-95,-10,63
105,-91,-67,99,93,45,-12,21,95,-85,69,-24,86,29,-70,-97,44,-48,68,-90,-89
106,-85,20,-59,-52,48,31,10,11,-35,-24,90,73,71,22,-27,75,-98,-23,-100,-85
107,-38,-48,-49,52,81,-85,73,49,62,-65,10,52,6,54,-15,9,7,-16,61,-89
108,42,11,-89,-70,-96,-74,-39,-79,-16,-74,47,63,-37,-70,-92,-90,-58,-36,87,-46
109,63,87,-27,-98,-62,-35,48,16,-19,-18,66,76,78,58,-96,-4,97,-48,65,-50
110,93,-73,-70,-2,29,-74,77,-45,-26,40,38,-7,-18,17,-12,-58,2,3,43,53
111,-13,44,-3,6,7,9,-47,90,92,72,34,-71,-18,-33,40,-21,23,3,-88,-46
112,-69,43,-100,-82,31,11,-26,100,99,66,14,-93,-25,78,34,80,31,47,78,18
113,67,59,-11,11,50,-100,-63,-20,29,91,-69,-11,-73,0,-6,92,41,-61,-85,-30
114,69,31,-39,80,80,-89,58,36,75,43,-66,96,-60,19,-20,42,-44,-21,17,33
115,63,66,64,45,-7,-56,-45,11,-37,-31,-4,-26,-79,-25,42,0,75,-36,-83,16
116,-39,-95,-58,-15,81,-67,-93,-43,-67,20,-34,62,-46,-88,28,69,-2,-87,56,-18
117,-25,85,-93,-84,35,46,-47,27,-98,-42,21,37,-74,97,98,-7,-84,29,-81,-34
118,13,-46,45,79,20,-4,-70,40,32,-8,-85,26,-61,88,62,11,62,-98,-98,-31
119,25,35,-13,-47,-60,-49,14,-36,28,26,-36,-36,-31,-8,-46,-46,75,-18,92,-13
120,-66,45,12,-68,45,-14,47,29,94,-61,-54,52,41,7,75,-90,7,95,-61,66
121,-26,-26,-90,93,-64,-94,53,82,-48,-82,13,-89,22,-3,-38,-23,82,-4,-52,-11
122,52,37,-98,78,-52,-56,-14,-61,-29,-8,-45,-90,65,75,100,-82,66,84,99,12
123,-70,27,-44,13,-29,-55,-12,-43,55,30,19,-75,-2,26,96,76,-14,85,-1,-19
124,96,33,-79,77,78,-85,-10,5,36,-11,-84,64,-94,-97,62,-59,86,-30,56,39
125,-26,-4,-85,-19,27,95,-86,-94,58,3,-74,-63,-46,-35,82,-96,10,74,34,-57
126,58,-90,-61,-11,31,-99,94,99,-71,-84,30,-26,77,-52,78,28,86,-25,44,13
127,6,-47,17,49,-77,-17,-52,21,56,-3,-49,-80,17,-58,-12,-61,-80,12,-52,-43
128,45,-14,-86,-49,88,2,63,4,46,90,68,19,41,-68,67,-79,16,-6,-28,76
129,-58,-72,53,70,62,-35,77,15,-32,-76,24,29,-73,29,-27,24,-13,28,-52,69
130,63,-65,-24,-32,-96,36,82,-71,-29,-1,-68,81,61,50,-13,55,-15,85,100,100
131,-100,-43,93,-71,42,72,63,75,72,35,-3,-50,24,82,-43,95,73,-39,75,-71
132,57,63,-39,-4,-33,99,-81,-92,-91,66,87,-3,-38,52,-92,-11,-98,-76,-38,-66
133,-97,-34,45,3,11,-100,-13,39,17,57,94,97,67,-11,-24,51,-12,0,-54,-74
134,-95,97,-51,4,-10,23,63,41,43,-46,-91,14,99,-11,22,38,80,5,-98,-31
135,-95,-9,28,50,-86,-12,46,45,-62,-53,71,-29,-88,44,25,-80,-97,9,15,-65
136,43,65,-30,98,58,11,90,-26,-78,-99,66,-58,67,18,-29,-91,3,29,71,54
137,-40,50,80,2,11,-14,42,-39,-86,-20,-89,-54,55,-87,-18,-31,2,-21,-93,36
138,78,58,80,64,-63,66,-58,-71,18,47,40,46,-76,-5,-12,-44,49,-94,-23,-10
139,59,-87,-32,-79,98,100,24,43,-9,-78,19,-59,-62,-41,75,-68,3,70,88,83
140,-82,-55,-48,32,78,3,-43,31,34,-51,96,60,-7,64,-31,31,97,-68,-22,-18
141,-45,23,65,44,26,-36,-84,29,1,-33,59,-68,76,-50,14,75,64,16,52,-73
142,64,35,32,-84,31,20,3,-22,91,-6,31,96,72,-71,75,-17,-61,33,-47,88
143,8,-64,69,-53,35,-76,-9,91,54,-8,-50,-35,44,34,19,83,-44,-81,62,79
144,23,-28,67,-10,61,-61,9,57,35,-81,1,-74,-55,24,100,18,-31,12,12,-10
145,76,-35,-86,-44,44,48,34,-9,100,67,-82,-13,81,-64,59,-42,-11,15,94,10
146,38,24,-14,0,89,-36,-51,53,-94,-4,-79,-81,9,-89,51,-72,-85,-78,-83,20
147,27,62,24,-23,62,89,-100,41,-77,-23,-76,-74,-96,45,41,14,83,-77,87,-34
148,57,26,-20,38,-21,-40,18,-33,79,87,-39,57,51,-4,-74,18,-100,-75,89,-50
149,71,-41,-6,-67,30,-44,-70,57,-64,-30,-86,25,-17,-22,66,-22,-21,54,-50,-14
150,1,20,13,10,-71,-44,13,94,-82,59,-100,23,-28,47,-89,50,-37,-78,96,31
151,-43,-98,-64,99,75,72,-76,-98,-64,47,44,-81,36,75,22,-65,-68,-56,-28,74
152,25,96,-77,29,48,22,-6,-16,59,-1,-56,-31,-79,100,36,-14,61,-26,-42,15
153,96,-8,-97,81,-48,-75,85,90,5,65,9,54,79,100,-45,-80,-100,54,-73,45
154,-74,2,44,54,-83,-68,69,62,-79,-72,42,-71,-24,35,81,54,-79,-6,-55,-35
155,-75,19,7,36,56,38,32,-88,-53,-49,49,40,-74,-41,-24,-88,85,-86,49,-49
156,-23,51,96,49,-68,-17,16,-87,68,-17,-40,76,-74,51,-29,-73,-93,55,50,-60
157,32,-34,-71,78,-38,-6,58,29,79,56,82,-100,99,-67,-98,65,-60,-4,-52,-66
158,-58,-33,-42,-100,14,-24,-90,-8,78,-62,-47,-7,57,-16,84,20,44,-61,61,-61
159,86,13,98,63,-46,47,80,22,-31,-63,-62,-39,89,-86,-13,50,83,-37,-83,92
160,97,-99,31,33,20,-45,-81,75,-13,-86,79,76,27,35,86,-67,7,-73,65,70
161,-82,-26,-50,-87,-7,95,-2,80,-44,-76,91,25,26,-22,-86,-66,61,68,-95,70
162,-56,3,26,-34,-76,8,29,100,-23,-6,47,72,40,93,89,85,-66,28,-66,-8
163,0,-45,1,-47,-90,79,-41,-37,55,-53,-75,61,46,-42,-8,66,61,-65,79,61
164,37,61,1,6,58,24,60,30,-72,0,-100,-31,-80,-29,-15,-41,38,92,44,33
165,-85,13,0,64,-19,-95,92,73,-90,62,77,-6,-43,83,26,-75,99,46,-18,43
166,-41,44,-9,-75,-5,-17,74,-10,59,44,-26,31,63,30,-8,-91,38,-35,-83,40
167,-85,-48,-71,47,-35,66,-51,88,69,64,91,76,-83,-3,-68,-11,-36,-46,-78,77
168,-83,-68,68,44,77,-53,79,-53,-60,83,-68,87,86,-96,-65,72,50,48,81,67
169,-24,-44,-89,81,-21,-5,-90,93,50,29,28,-73,-77,-12,-37,93,-14,-24,63,-65
170,-61,25,45,77,97,-46,-96,-2,95,61,7,43,79,-50,64,-73,20,3,0,66
171,-16,-17,-2,-49,-85,-17,40,-55,55,24,43,-34,29,-1,-97,-17,17,51,-57,67
172,96,95,-64,40,12,-90,49,-87,65,-99,-65,98,21,48,-37,-79,-39,24,-23,82
173,40,-68,-11,-92,-50,-48,-95,4,69,78,-28,-63,-33,6,90,-25,0,32,-63,48
174,96,-54,2,4,68,-36,32,-19,96,29,45,44,26,-58,28,-17,58,-66,-35,-36
175,93,66,5,-10,91,10,-25,-78,66,85,84,83,-84,95,58,28,39,-59,36,53
176,-53,87,-92,-71,4,28,37,24,19,55,63,-62,-74,-94,-91,-56,62,-19,-73,57
177,79,-4,14,70,-19,-10,-52,-31,69,59,-34,-72,60,-91,-27,-90,97,89,4,-46
178,-7,-16,33,33,-90,98,27,-90,0,24,-17,-39,-15,33,-99,98,-83,-98,16,-66
179,26,60,-10,-30,67,-48,53,-94,40,81,-57,-77,22,70,-41,9,-30,18,90,-43
180,92,-86,39,-55,-27,25,-28,-94,-17,2,45,3,22,13,-17,45,-42,3,14,92
181,45,-37,22,25,40,-57,44,4,-70,8,85,13,-84,35,45,-97,-24,-11,83,40
182,-20,-20,83,85,-12,37,-33,-22,71,-21,2,71,30,-29,20,-72,-85,-35,-92,89
183,42,33,93,26,78,-13,55,-48,55,34,-97,87,-91,27,72,-6,99,-22,67,-70
184,-9,-87,14,100,76,80,-52,56,-3,-40,-14,-61,11,-86,72,-17,-61,34,5,-29
185,40,-38,-7,-18,89,92,-4,-32,-79,62,-59,-55,31,-73,68,90,-94,10,-96,-83
186,80,41,69,91,-91,98,24,-36,-90,-17,-15,59,77,49,88,25,66,35,-86,-82
187,-53,-8,28,3,-15,93,-60,-63,-23,-80,28,83,51,-50,57,-89,-20,-80,30,60
188,79,3,-100,13,69,-98,-57,-34,-90,-78,46,-91,-92,63,-50,67,29,-15,11,-19
189,-68,-51,-84,9,-39,95,56,38,68,14,-61,-97,-65,9,-41,-56,4,60,95,-95
190,73,-23,86,-2,44,85,76,-97,92,-58,-33,-6,-40,-23,16,38,38,31,-82,-48
191,-100,54,37,-28,-15,70,65,-20,-15,-73,86,-62,-61,52,51,87,-23,-83,-28,-79
192,-60,-26,-94,56,49,-78,65,31,-38,86,77,-73,88,9,87,-65,-87,49,-10,22
193,-6,-22,84,61,33,-19,-5,-98,-78,-81,-82,7,1,-39,44,-21,61,74,-84,11
194,-60,-89,26,-14,-54,33,89,-50,-91,60,-56,-91,75,-48,-17,-54,52,71,-4,-15
195,39,20,15,-42,-67,84,49,-69,38,91,-78,40,-91,-38,24,-32,18,13,-27,18
196,-56,-82,-24,-100,-72,51,-78,-16,-47,-79,-38,-6,-9,-12,44,85,-97,17,36,58
197,65,20,68,-69,-14,-94,77,12,-100,-15,-57,-36,15,99,-16,-95,62,-17,-27,-57
198,24,30,56,39,44,17,21,-3,-64,-9,-67,3,92,8,4,28,-13,-18,14,52
199,67,-41,23,-69,21,36,100,87,39,23,46,70,-51,0,-18,-77,18,-9,-60,-90
200,-52,97,4,36,-44,94,-39,-43,35,70,-40,-78,48,62,-91,57,-9,-93,-14,53
201,-64,2,-75,24,62,3,-81,44,-68,86,42,-76,-72,-47,67,-92,-80,-53,55,-56
202,-30,98,-81,-28,11,-84,16,-17,69,-44,97,85,74,96,-96,-69,74,57,34,-47
203,-88,75,33,-22,40,11,-13,-58,-35,-32,-98,42,-79,25,-48,-23,-23,29,-99,-85
204,-73,-13,3,47,72,88,56,41,-16,-65,35,-1,-65,-63,78,93,61,-68,87,73
205,-9,87,55,87,-72,19,-84,55,35,-4,26,-31,-9,-46,72,-38,-92,-60,64,-70
206,-59,16,-84,44,74,8,34,27,33,42,-5,-88,-80,-76,-79,89,-75,-82,-33,-22
207,48,47,39,17,32,7,35,-92,-52,27,-43,-39,-17,-87,80,77,-32,-74,-100,58
208,68,-72,-67,-85,-15,42,-69,79,80,28,-52,-95,-41,7,85,-19,-14,-32,-31,-24
209,90,-31,62,81,-15,80,-49,66,26,-37,31,80,-15,-58,-93,80,-77,4,56,16
210,-60,-23,-16,-93,-4,-15,9,43,-65,-68,-14,21,100,-49,-66,-71,-20,55,90,96
211,100,-41,-60,-47,74,85,-81,-1,31,99,-95,40,98,20,-42,41,96,-95,91,-63
212,-18,-57,-39,42,31,95,-7,-1,-60,-4,56,-82,80,-33,-99,21,-80,85,19,91
213,59,-27,59,75,74,-73,45,15,84,89,78,31,-57,31,98,9,73,76,14,-60
214,-36,-14,15,-39,31,-53,95,-75,-40,53,94,-10,-6,-55,-93,98,-46,37,97,91
215,23,52,-70,50,70,85,-39,71,-1,85,18,65,44,9,-37,13,98,98,-61,72
216,81,91,56,25,-22,41,97,53,-6,-45,-40,94,91,-64,-81,24,-22,-99,-73,17
217,-14,-85,65,52,81,-3,66,-60,-28,10,8,-27,-6,93,15,95,-86,-45,-21,12
218,-51,-53,-88,-92,-84,37,-41,-13,4,-22,-1,-59,-94,-70,-25,-15,-16,62,-89,-42
219,-19,-24,-40,-29,23,-35,-2,-65,-31,60,-62,68,-68,7,-56,18,27,-75,-64,-36
220,-61,-33,64,83,-8,-59,25,16,89,-47,-69,88,20,40,-96,3,-100,-42,-21,-32
221,36,-51,-71,-56,-16,75,-90,-34,-10,-88,-56,-10,67,-95,61,47,-94,-47,-25,58
222,-51,-94,-48,86,70,45,29,21,73,31,-66,2,23,-45,36,78,-45,10,-91,57
223,46,63,99,-95,-46,56,-52,-47,30,-83,-69,-91,-86,1,-40,57,-30,99,62,91
224,-9,-89,-65,-46,85,-83,92,-63,59,-75,-88,-18,-15,10,-45,-39,-87,31,-62,40
225,-25,-37,-29,-47,-4,-42,81,-40,-84,29,-96,-50,-15,28,-30,83,19,-34,-93,92
226,73,6,-83,77,-71,95,-72,50,-47,16,15,17,8,-6,-51,51,-43,14,60,85
227,68,66,81,-97,-30,69,-53,67,13,-3,31,15,22,69,-69,0,-11,-64,-20,22
228,-87,-70,-10,-43,-81,35,-55,-57,-14,-56,89,44,-50,-21,-61,65,0,11,36,16
229,47,-23,-82,-63,13,49,99,-29,49,27,-25,5,-82,33,-66,69,33,-76,-100,-45
230,-72,-9,13,-4,73,53,-29,23,96,-26,83,3,20,27,-36,12,89,-38,-79,-75
231,-100,-25,14,-67,63,42,-23,-78,-54,98,35,-48,-11,25,-1,-96,-52,-96,72,98
232,20,35,15,-81,92,-23,69,87,-88,71,26,-41,93,23,-80,-92,30,-32,75,-61
233,-14,-72,24,-69,35,69,-97,5,4,59,-64,-97,33,19,-12,-27,-98,79,-14,-42
234,-21,16,-63,98,-73,22,46,-98,29,-78,70,-89,-55,67,62,-47,91,1,20,-15
235,-81,6,-65,-87,-80,-39,-10,-79,74,-8,57,97,98,73,-21,64,26,-100,58,38
236,58,-53,-85,26,61,-79,-74,44,15,96,1,-47,-59,-93,13,-93,-80,65,92,19
237,76,-87,35,-34,-10,54,-89,-68,79,95,-27,1,47,-4,76,31,30,-35,71,-83
238,85,-64,-48,-60,-27,-24,-71,10,34,26,29,-66,52,-96,-64,-65,-66,55,-57,-86
239,23,-49,29,66,-83,-31,24,-66,37,-21,5,-81,-14,28,9,87,-55,79,-76,1
240,-70,-9,-73,5,-97,-65,47,-12,77,46,82,-92,31,-97,8,-20,-83,-32,94,-58
241,-48,100,-79,-45,52,-72,-32,-52,34,56,15,-52,2,13,-83,-100,-26,-51,-94,-58
242,-27,-68,92,39,3,-51,-36,-78,-53,77,-68,80,-57,-44,13,99,24,8,-69,22
243,-5,-85,-8,-24,-36,40,62,74,22,75,-40,-23,90,-72,81,41,84,99,-47,-34
244,32,-28,-23,-59,-31,-14,80,97,81,-17,14,-42,72,74,-26,25,-27,-30,44,60
245,-54,-22,-71,65,5,33,35,-4,46,-1,49,-94,-72,35,-61,-18,17,-52,3,-6
246,-12,85,66,-22,22,-47,88,15,58,59,70,-41,-82,-94,-97,96,-87,74,-89,45
247,-53,96,63,-11,-46,98,-38,-28,-29,-49,97,-60,46,23,29,-23,76,-36,6,-39
248,17,29,-77,0,-76,-91,-40,57,55,24,64,-94,89,61,-21,77,95,31,-89,32
249,8,-94,-87,-33,-88,-4,-55,98,83,-96,97,27,53,68,-3,-56,59,36,63,-63
250,88,83,12,-57,-53,27,73,-50,15,-86,77,1,79,79,-67,-81,-88,82,93,-96
251,-52,19,45,-28,61,12,11,-64,55,-88,-10,-93,4,60,-93,-75,-63,91,-36,20
252,-31,-47,93,11,85,96,-37,66,-30,32,-44,73,-57,10,-38,82,79,48,-75,-80
253,30,21,58,55,-27,60,-98,-35,60,39,39,-63,-54,-12,54,-65,-89,-74,15,-89
254,-66,58,-74,-40,34,38,57,20,-98,-45,-88,29,0,94,1,95,-73,-28,-14,-78
255,8,45,6,-88,34,-31,-89,83,7,-84,2,86,-20,-66,4,45,54,73,59,-42
256,-95,78,43,-38,-61,20,-59,90,-19,62,-75,43,32,-70,42,-43,79,19,68,68
257,-26,-92,-58,-42,47,-11,44,-73,-15,-2,16,20,72,-75,-76,-14,82,16,-39,-1
258,21,-73,33,61,-55,-75,-65,60,49,-4,39,67,-63,24,-11,-83,34,94,40,59
259,-84,57,-88,-38,-65,62,59,-3,9,8,8,-93,-82,30,-99,-72,20,58,22,-50
260,-53,-51,23,-78,-44,-76,-28,-45,84,-57,-40,15,-55,53,-61,67,-3,26,44,-47
261,91,57,-36,-91,13,-88,95,82,-93,-68,-22,-33,24,52,24,-81,0,61,5,83
262,-16,-57,-45,-39,-82,-96,6,-69,-61,7,-47,21,67,16,32,9,-76,74,45,-29
263,37,-59,41,77,2,-44,-40,-3,-22,37,23,75,90,94,-92,77,75,73,60,4
264,98,-60,25,63,-55,-33,-68,-32,-8,-61,-61,88,63,20,-8,-62,-58,90,31,52
265,-82,-62,-49,-20,8,-44,41,-1,-15,16,-15,3,-17,-87,56,97,-86,-97,6,33
266,58,-84,-53,87,-75,11,-6,-30,-46,-44,74,-60,89,43,-22,-48,76,69,77,-82
267,-73,-51,68,-95,-51,-50,-31,-69,-37,94,46,-60,97,-77,-56,-97,-18,59,52,-42
268,53,53,93,-92,-85,27,16,-2,89,-66,62,-77,9,75,-11,2,-96,48,-71,79
269,95,60,-76,51,-90,55,92,-61,-31,-83,27,-34,15,1,40,-97,-74,-64,-23,40
270,100,100,-69,36,29,-79,-48,18,-98,-53,63,-69,76,-6,-46,-35,7,-30,55,5
271,-29,25,13,74,-83,36,-31,-60,-88,-26,25,-84,10,55,-10,-81,-22,65,53,62
272,-28,-56,42,-80,0,-87,-27,19,68,-52,47,84,-89,30,47,5,67,-94,40,-47
273,51,55,-5,72,75,42,82,55,-66,57,58,49,83,85,53,-66,35,-47,-28,-40
274,55,50,-52,-89,-51,84,72,53,-57,95,-43,-10,11,-78,0,-21,65,-53,-84,28
275,73,26,74,33,14,90,-27,75,-72,-83,-22,29,5,27,-90,-95,-33,58,-70,-4
276,27,22,-60,-79,-31,99,23,-96,-47,14,-66,-20,-84,61,56,-63,59,-34,-79,-43
277,66,97,-37,2,-36,-41,-22,19,14,-95,49,94,48,72,23,-59,-20,42,-93,52
278,90,-100,43,3,59,-8,-1,-30,24,-80,-51,-71,100,-92,-1,48,-9,55,82,40
279,-53,-22,85,55,21,91,-82,37,-43,-72,-7,79,-11,29,-59,-85,-71,-11,44,80
280,-11,-50,-2,5,-80,47,-17,26,-64,32,29,82,-19,14,88,46,-18,11,43,81
281,70,-52,-46,-93,39,90,35,56,57,41,-33,-79,-24,-61,8,12,-78,-43,9,5
282,-19,-83,-71,44,-4,-23,-54,93,-31,25,-79,95,87,64,89,34,74,-35,70,44
283,-82,-100,-47,-29,54,-54,50,58,-80,-64,73,-36,-19,17,46,83,-59,-37,-23,14
284,97,-91,-13,-15,15,-22,-78,-17,58,86,-49,58,-71,-84,0,7,-24,-10,-6,0
285,2,16,-15,-22,28,-45,-79,-40,60,2,-49,59,-36,-71,40,-77,-63,-36,-23,-24
286,100,60,96,-1,-13,-71,-80,37,-95,-8,-58,-84,-62,89,8,21,-82,-62,-82,-20
287,-28,-89,-60,81,50,20,-6,-27,-92,2,84,-84,29,-36,22,-47,73,59,92,69
288,27,94,45,-13,26,-31,2,86,-96,63,-20,46,50,-99,67,-75,84,-73,-49,52
289,-66,40,-74,65,-96,36,-57,-35,94,94,-22,1,-60,-93,-32,64,99,-44,-26,-8
290,-87,-62,-88,-45,95,0,-32,80,-36,77,1,-59,-39,-30,10,-10,88,-93,25,-90
291,69,38,-5,82,-58,-18,84,62,13,-12,-33,11,2,77,79,-96,29,-17,99,65
292,-100,47,-52,-85,16,19,-9,44,-46,46,19,-71,-14,50,59,39,-15,-66,-29,-20
293,-93,3,-34,71,-78,99,92,8,-10,-21,5,91,51,51,-9,94,82,-3,-56,-81
294,99,-72,83,50,15,98,-63,22,-91,-83,-84,-67,85,79,97,17,90,-76,-6,24
295,-51,-52,-50,-44,-66,53,72,-52,-7,-50,-25,28,-15,-12,22,55,86,78,32,-12
296,45,80,-61,40,92,46,0,56,20,-65,-69,-46,97,-83,-68,82,-22,28,95,-29
297,82,-71,49,31,41,-87,-6,30,37,-20,89,-24,66,-84,8,-48,-87,4,-66,81
298,8,-16,33,-62,85,-31,54,-84,-99,-14,64,45,90,-98,34,-3,56,-40,18,-81
299,35,84,5,25,-61,70,-48,-61,-89,23,57,15,88,-95,-65,-38,93,-45,55,51
300,-51,80,-92,48,-29,33,82,-23,4,86,-79,-100,61,0,33,86,-86,-68,-25,-75
301,-70,55,80,47,-7,-46,96,-8,4,-86,28,89,74,81,-83,-18,-72,-14,56,22
302,-79,-53,56,52,-33,13,-85,-19,-27,81,12,14,95,-82,80,76,72,-9,-32,-89
303,47,44,78,13,73,-78,11,-48,-35,4,9,13,5,-66,-13,2,-43,-38,-5,-84
304,-63,-6,-80,48,1,10,63,13,54,-10,-26,68,-62,-13,56,-88,66,18,60,53
305,-73,15,-45,-63,67,-58,4,29,-12,48,38,-4,-92,3,89,-43,-84,-61,-46,-43
306,-92,-61,-15,-89,-13,23,45,17,91,-60,-86,98,77,-86,73,54,-22,-84,-4,-1
307,-47,-39,-77,-53,41,-69,-91,-16,-43,8,-73,80,17,79,100,97,75,42,6,84
308,-73,-33,-74,97,57,46,-14,30,-68,99,4,46,73,-11,87,84,-52,-9,91,29
309,77,-10,-28,-89,-72,-84,5,-44,-49,-12,-3,-15,13,87,64,77,-61,100,-96,49
310,63,-8,-75,-64,-78,25,79,-6,5,91,-45,94,20,95,82,16,68,-74,55,-68
311,-46,48,-51,91,-12,84,-84,28,-34,-31,98,-4,-46,-12,-93,3,-5,92,47,-41
312,-62,37,32,-5,-86,-36,-19,52,2,9,-46,88,-21,56,92,77,74,-22,-77,19
313,-91,-79,18,66,-49,-86,-91,-26,45,18,-15,73,21,64,55,-77,-9,-34,-66,71
314,47,-44,-57,-53,-65,-47,-24,14,75,30,-18,-89,61,69,-13,-97,-13,-56,-50,98
315,-65,20,62,-87,-70,64,-22,-50,-30,75,-9,-60,24,-44,-60,-56,12,-64,7,-45
316,24,27,-78,40,-88,-31,44,23,-56,56,67,93,94,-49,-12,25,68,-31,7,-42
317,97,-76,91,12,-7,17,-10,-5,51,-8,40,89,-91,-48,62,67,-43,94,10,33
318,-85,89,70,-17,43,1,88,88,40,37,16,-77,57,-12,-82,-22,-80,87,-4,70
319,-15,48,-32,-65,34,67,-23,-21,42,-4,-28,-48,62,-26,16,65,0,44,-9,-50
320,52,-57,-17,-12,-20,65,-30,58,-15,-89,-5,33,41,-100,-98,9,-52,-76,35,-37
321,-41,-59,-29,40,-84,83,17,34,-43,-82,5,-82,-32,53,87,92,30,30,-57,72
322,-95,57,-41,-75,-95,45,90,24,44,92,-39,-50,44,59,33,99,-25,16,-42,-21
323,-97,-50,48,-31,35,-92,43,7,-29,-11,26,-79,-53,89,48,68,-74,-58,-55,-34
324,-22,-64,78,25,87,-15,-33,99,-49,70,49,-58,65,-67,-31,-29,38,6,0,-60
325,18,81,84,61,26,100,-2,-9,-84,-54,54,15,-8,-16,-63,83,-16,21,-16,-64
326,-65,-91,-69,-36,17,-45,-37,-88,-2,-27,-52,15,-68,13,-94,88,69,79,59,-74
327,14,40,23,-82,-35,-46,74,-89,-17,82,53,8,6,41,-87,-11,-83,-12,-22,48
328,9,-29,-39,-18,-16,-70,28,-82,40,-73,-83,-27,-74,83,62,59,68,-56,45,93
329,-69,36,9,31,-16,48,-84,76,-47,18,60,35,-17,52,27,99,82,-96,22,-72
330,63,-81,-7,42,47,8,45,-35,42,-42,49,29,66,56,0,-61,51,-20,-88,23
331,-21,-14,49,78,-5,57,39,-55,-12,-62,5,-67,-40,-33,-31,-46,-35,67,-76,33
332,-64,-26,53,85,48,52,64,-4,-56,-40,-75,16,-92,-25,-81,-9,-93,-5,-8,25
333,81,-53,2,-35,76,9,-32,-82,-43,-1,85,49,54,-18,-27,11,32,49,60,15
334,-59,-82,-81,-4,-88,25,22,10,98,-64,-95,14,12,-82,90,34,11,-73,-18,-66
335,30,16,-84,-58,35,78,55,-83,13,89,49,9,62,21,-31,-5,-54,64,-6,8
336,-37,5,-47,11,-57,1,57,-38,-46,36,31,97,82,-59,-72,-64,51,-27,-17,-7
337,48,36,-11,36,-74,-19,-67,-21,35,41,-57,69,-38,-57,-7,82,-48,48,-49,50
338,-56,-54,-33,-31,56,-65,86,93,-61,73,20,3,75,-76,-71,29,-42,-57,-6,-94
339,-74,90,31,-72,-82,24,-3,-81,43,5,-33,37,-10,59,87,31,-72,-42,91,-84
340,77,14,-15,-82,68,-96,-33,-73,52,-74,-34,7,-17,-49,-41,64,87,-73,-28,-32
341,-54,-74,59,80,-53,28,60,41,-37,60,-29,-93,89,-15,-51,-24,-70,81,64,46
342,27,-63,4,67,36,41,18,-11,42,-17,-4,5,-57,45,21,-36,3,-97,-34,5
343,16,20,24,85,-16,-26,-57,-39,77,62,88,-94,39,-69,57,9,95,53,82,-46
344,57,22,87,10,95,-60,-72,-32,90,60,90,-44,-95,25,-95,20,82,22,-60,80
345,-68,-23,54,69,37,-72,70,-96,-59,-6,96,-51,-99,-89,61,-84,-13,100,-15,-7
346,97,-65,52,-86,50,41,-9,67,82,72,20,56,24,-40,41,-39,-91,-52,-27,50
347,-22,14,22,75,-84,69,-3,-84,18,77,58,-81,-15,54,11,-74,12,-77,-100,-97
348,-64,100,19,64,3,-67,91,-87,-70,-43,-36,73,59,97,-40,58,68,78,87,94
349,8,-99,11,42,-55,76,-62,-1,92,56,-60,10,57,-39,-56,3,-88,15,-8,-99
350,-85,-46,56,-31,-79,-75,45,-15,-33,-84,29,-21,81,-28,31,34,80,8,40,43
351,5,67,-71,76,53,94,92,20,-22,-2,-80,36,62,-22,-28,92,-51,-65,-34,-59
352,46,-32,60,60,74,-28,-41,-35,-37,-3,-70,48,39,2,92,-80,-74,84,92,-75
353,20,32,-79,6,15,-41,-99,43,-74,-20,-10,-50,-50,-51,68,59,-60,-51,70,25
354,84,-3,-1,23,32,-62,-88,-95,26,28,86,91,-67,11,-11,-14,74,92,-83,98
355,98,96,79,-70,100,65,44,46,46,-11,-48,51,-28,100,77,-40,-16,-58,96,76
356,42,-60,-58,-55,-3,68,-39,36,86,-63,-65,-32,-46,-34,9,-1,-50,-61,-39,-67
357,18,-91,10,-73,40,-52,34,2,-3,-71,-22,51,-67,-63,-31,-3,3,-66,82,-95
358,-11,-78,-12,16,16,-36,6,76,-41,-78,86,-16,-35,-40,25,48,17,47,-32,96
359,7,33,-94,13,28,92,-93,45,-9,38,-30,57,-55,-53,-90,-95,78,-69,-33,91
360,10,51,-86,-30,23,35,38,13,75,54,79,-97,62,87,-25,26,-98,94,42,73
361,-73,52,5,-43,-45,-53,66,-45,52,32,-25,-51,42,39,30,73,-94,31,96,45
362,-82,47,96,47,-38,52,-80,-65,31,71,58,0,-42,54,26,46,61,-62,54,-35
363,-99,-83,42,78,80,-28,30,-4,-8,-40,-63,-29,50,-92,52,-86,90,-51,-23,-53
364,-47,34,-83,-10,60,-7,70,-20,47,-22,0,72,-7,69,65,72,-48,-26,-43,-31
365,-65,-23,71,-65,-12,-54,-58,52,94,-40,-59,54,89,-23,5,87,71,-94,-57,57
366,-93,-64,10,36,1,-56,-60,-34,-45,22,-100,-30,-95,40,85,-40,-48,-82,-23,-20
367,-98,-14,-79,3,42,1,98,96,-93,64,-38,-36,75,-26,33,-35,-41,-6,-31,63
368,-86,42,-55,-56,-90,-99,-63,-42,-30,-85,-92,-86,-4,-100,64,28,46,-30,-59,26
369,72,-76,26,90,30,-85,-42,1,-32,38,1,-70,60,12,7,65,83,29,-88,-92
370,-35,-30,-100,-56,47,-93,-53,98,-60,64,-3,57,-72,42,35,64,52,-75,-53,60
371,-47,48,21,-99,58,-6,-72,82,87,-38,66,76,-32,72,10,77,75,33,29,48
372,-34,-13,44,71,74,65,19,21,47,-67,24,12,-19,8,-6,74,-78,-76,80,-62
373,2,48,26,-5,-72,80,79,-43,82,71,-17,69,-39,10,100,81,-45,-45,-46,-60
374,89,-42,-61,93,2,95,-99,3,62,-73,7,29,-57,30,17,-58,6,-4,90,1
375,-90,-15,27,-73,-91,11,30,-94,84,54,26,54,-5,75,-15,35,-78,88,-59,-2
376,-48,94,18,-57,-7,83,-35,-94,-89,54,-80,64,-22,-84,-50,-76,-98,60,28,-29
377,-14,55,4,-10,46,-55,73,-86,96,-70,-62,12,17,2,-27,-92,37,-44,-47,12
378,-85,-73,-17,-53,88,-71,54,-26,-38,19,-10,26,33,89,49,-49,100,-44,-85,26
379,71,68,-68,6,-79,-9,43,76,16,68,79,3,73,5,-82,-43,57,-92,72,-18
380,24,-31,-77,46,21,29,73,-80,-79,27,-10,-79,1,5,-79,-76,55,36,-71,40
381,11,57,-81,-60,-26,-25,-23,-58,-31,-15,-5,5,15,20,-33,46,-27,-65,-24,77
382,14,-69,78,-18,-70,81,-81,5,-96,-63,92,2,54,0,-89,23,-55,-98,77,-67
383,-80,-97,67,40,-10,13,81,-44,1,-68,-42,-56,-14,99,93,-2,79,78,93,-65
384,56,-38,41,-42,-100,87,-79,-7,56,-6,-99,-47,-92,78,-61,4,1,65,-78,28
385,-7,78,-85,16,-21,35,57,84,20,-43,38,-20,90,36,-29,-24,-2,61,0,7
386,-82,-39,-39,-43,31,-84,-53,5,49,-38,-10,3,-20,-28,1,5,49,49,-50,-47
387,7,55,-48,24,-95,-97,44,100,90,23,-76,-18,36,-92,-43,-94,90,-88,-95,95
388,86,46,30,75,-95,-8,68,-70,-37,-18,14,-91,-98,84,57,-79,-84,-5,-94,31
389,-97,-90,64,-59,65,12,-31,27,-65,63,10,-36,13,-32,-93,97,-100,-36,-60,-22
390,84,5,-24,-72,42,37,40,88,52,-48,43,12,-50,47,-60,-58,66,-86,99,-78
391,18,80,-64,-8,-51,58,8,42,-6,61,44,60,77,32,45,69,-79,-96,-46,17
392,-98,19,4,-39,31,-18,-67,-89,36,37,-51,-62,17,32,79,9,-11,-21,-88,65
393,69,-2,21,-56,-100,72,41,27,-50,-25,-22,-5,20,-90,-75,73,-57,-34,-85,79
394,-19,-25,57,39,71,-77,57,80,-86,24,-6,6,4,-79,-27,56,-73,-45,46,23
395,-22,33,36,-58,-97,81,-77,38,11,78,2,41,-12,-17,99,55,59,88,-84,62
396,51,57,-20,-28,-9,69,-89,-38,-32,-80,-14,65,72,68,78,-85,90,-44,-33,-24
397,-96,-90,-51,40,24,-65,-9,83,-36,92,-66,-73,-50,-77,-71,19,25,-90,44,-19
398,51,62,6,-29,53,51,-22,-99,-43,32,20,-80,18,78,78,33,-19,-65,89,-91
399,85,-24,-97,57,-75,26,-35,-39,-86,-88,18,-77,30,23,76,-40,40,-25,51,50
400,54,47,-93,58,-86,-44,46,25,-27,70,88,88,-96,33,-50,-81,24,59,90,-48
401,-71,-28,-24,-16,-47,-65,19,-54,-34,59,-98,56,-90,94,92,80,-80,82,-34,98
402,59,-37,41,-96,83,64,-77,-98,-69,57,-65,74,-52,66,-40,-13,-10,-94,-25,-99
403,-41,62,43,44,-93,69,-70,79,73,-95,-60,-66,55,-36,-71,-31,-70,54,-85,-93
404,-5,-98,15,-86,-60,2,60,71,38,91,-100,-16,-81,-54,24,1,-14,-91,63,-21
405,-3,-54,70,55,-81,99,-17,-46,54,-15,72,-57,99,99,-40,-34,91,-88,32,-2
406,-27,-55,27,-96,-97,76,9,73,100,-85,32,-83,-32,95,39,-10,-20,-29,-58,75
407,0,28,-26,68,76,53,-84,-16,83,56,95,49,-37,-22,-52,67,22,90,-69,-78
408,-25,41,47,83,81,-41,31,-4,-81,-32,-36,47,68,66,95,98,17,17,78,-9
409,-63,83,-58,-72,82,-92,68,-3,-89,-60,67,-63,-90,-99,11,-90,20,-99,-41,85
410,-88,-29,-77,-36,33,-92,-75,0,15,49,45,4,-8,80,-75,38,7,-3,43,38
411,-69,-20,44,-79,-100,-88,-77,-89,-81,59,79,-10,20,90,-19,-12,75,-18,100,-62
412,47,89,-80,-53,-62,51,7,-75,-37,26,81,-22,-99,61,-52,69,7,-63,45,85
413,-97,64,52,84,18,-79,-12,36,-63,19,-15,-97,-11,-79,69,13,-17,-91,-62,-60
414,48,21,43,-92,80,-78,66,-21,-13,2,95,4,12,23,-73,-74,-51,18,-56,-59
415,-85,-32,62,-5,70,18,81,-64,24,82,-24,20,34,-48,-28,76,99,-42,-33,-64
416,-14,-38,73,40,5,-35,-35,11,-12,-36,-31,-70,10,-31,71,-32,-53,-78,-60,-65
417,-92,42,-11,-71,-5,-60,-59,-65,-14,-73,24,79,-98,49,-10,-44,54,-3,5,-60
418,56,95,55,-74,28,87,40,-94,-48,-10,-45,9,93,-59,23,17,40,-8,1,51
419,-42,25,74,-2,-58,71,79,-6,-41,-16,33,-84,-20,43,27,4,82,52,97,88
420,57,1,-43,95,-58,-70,-30,92,-48,29,-2,-42,84,-19,-68,-16,-99,96,11,64
421,-96,93,81,73,36,-37,-1,58,-84,100,83,63,-41,-84,15,-66,-9,23,-89,48
422,-20,-4,-28,77,-41,-7,-79,94,36,-3,79,-80,-42,34,-70,-41,-11,3,-53,-9
423,-22,50,4,75,46,37,10,47,45,-46,65,13,63,-52,-42,-45,61,31,-23,-28
424,20,-100,-65,-57,44,-74,47,83,-78,92,31,-27,-57,70,-51,29,-10,97,81,3
425,3,40,-29,-49,-54,72,94,-62,-95,-62,91,100,-64,93,49,-95,11,91,-46,-46
426,-37,82,68,-39,-37,41,86,-69,-14,-46,-55,-14,8,45,-37,-75,93,7,-85,-62
427,-14,-70,94,2,-47,44,-67,17,2,6,72,52,-34,-33,-94,48,-66,-32,-46,-49
428,-93,-9,-62,-21,-40,-83,34,-83,83,62,40,63,11,91,55,84,-3,24,25,-26
429,-18,-18,4,-18,-94,-49,78,-70,-36,-73,-4,-60,-25,81,-28,-48,-94,-24,30,-67
430,-15,-84,-44,82,56,-31,-41,-61,-4,71,-66,-78,20,18,-92,-37,-78,53,48,47
431,14,-51,-79,84,-34,-60,60,50,76,-18,72,56,70,0,12,-41,19,-3,77,23
432,-44,-95,54,-99,65,-92,-25,-38,77,-81,-60,78,45,23,-45,-23,60,0,-95,97
433,82,44,99,-93,-31,-87,3,49,-86,-9,91,4,40,-57,30,5,0,-68,-61,-42
434,83,9,-43,13,-86,68,57,-81,-69,52,97,-61,7,1,-4,-38,26,-15,-82,-64
435,-38,72,-60,8,-26,26,90,-98,37,58,15,-77,-90,-77,10,-37,-81,-9,54,-14
436,83,-31,-99,-8,30,-46,-77,84,74,-48,-19,58,13,-6,-29,14,82,78,-83,22
437,98,80,-61,-96,-86,96,-80,39,85,-63,-71,-62,-38,39,77,-71,87,-1,54,10
438,41,2,-5,-95,-14,-57,-7,54,-94,39,-83,86,-95,20,-39,-100,23,-45,65,63
439,-16,42,-4,-15,-38,-44,-15,48,99,33,-98,75,3,30,0,-82,-59,86,-85,44
440,58,86,-8,39,-75,31,61,-51,79,-6,76,-74,65,-96,-2,-74,57,-32,62,-34
441,58,79,-59,56,36,73,34,12,-45,4,96,-93,67,-72,16,-20,92,30,-96,46
442,-86,48,-35,55,-81,59,-11,-87,-23,21,-73,95,-14,-3,-1,-76,60,11,-80,-85
443,-24,83,42,99,-65,39,-11,22,-63,-53,58,-21,-27,-57,-94,60,79,-40,60,-66
444,-68,20,84,76,-23,90,43,-79,-19,-54,38,-78,39,-11,39,30,94,52,6,27
445,-88,-45,-94,-89,-85,-80,-78,-41,39,14,66,12,-60,-74,66,41,40,-59,36,24
446,-93,-98,-74,-75,23,97,0,-41,33,-87,25,-33,38,-91,-19,-71,-39,49,-35,68
447,43,93,18,22,-60,-72,57,-87,-60,-22,-13,62,83,61,-17,40,56,80,41,77
448,-74,51,-98,-78,77,32,-69,-49,34,-93,1,58,-24,36,-89,-62,32,82,-28,-87
449,-25,-4,-99,-4,-34,95,8,85,-31,-25,-88,82,-56,-90,18,40,-99,43,21,-3
450,-84,-75,-29,-66,71,-40,-64,41,92,-5,55,91,-93,20,-53,-43,85,-32,24,-34
451,-69,-10,65,-75,-31,21,-2,-65,49,8,83,35,82,3,-43,0,-92,14,15,-23
452,-48,35,-55,-79,-79,64,-66,-58,-17,22,4,87,32,-93,-86,-50,87,96,-87,-66
453,-15,-71,-59,100,42,87,-32,-11,-59,32,-66,-35,-15,32,86,-17,56,-73,-13,-54
454,-32,30,-64,-73,-16,-50,-92,-27,-84,-16,73,-63,69,27,-67,-82,85,-97,81,80
455,43,-71,75,25,55,30,29,-64,12,98,64,-79,-23,-12,-56,-45,-42,-54,-56,-88
456,-72,-30,-79,-73,44,34,-66,7,-4,-82,9,36,47,5,-18,18,18,32,3,-80
457,82,-52,37,-78,3,-30,26,-19,-67,-16,2,-2,-49,39,-71,39,38,-62,-72,-40
458,27,48,35,-16,76,-77,-71,46,73,-22,56,34,5,-11,79,-64,-28,-94,-88,-28
459,29,35,55,-28,10,74,-85,-10,86,58,-22,-50,89,-46,7,31,-47,-50,-12,-61
460,-93,83,-56,66,-42,71,0,-53,-42,-78,64,57,97,39,10,-63,19,-3,71,-74
461,34,-37,17,-77,-35,46,81,89,87,-89,79,91,6,-81,-49,40,-92,-21,-82,2
462,36,-60,6,-56,49,-95,78,-100,-76,42,94,93,-36,65,47,-6,86,45,36,-83
463,-59,51,-48,44,-23,76,94,-40,26,62,9,47,-59,-13,-77,63,-19,-28,13,-100
464,64,86,68,-69,46,-13,-68,1,-42,25,-76,-18,-50,-58,-68,-90,-74,23,47,13
465,-82,-53,-92,-51,-35,49,-85,36,69,-56,-54,20,16,78,-57,4,7,88,-14,-54
466,-100,26,-49,78,-40,-99,0,28,-35,-18,40,-24,69,-95,-51,-25,75,45,-58,60
467,90,14,22,0,-66,1,-81,-32,19,48,20,62,-31,-62,-31,67,-7,-12,-11,96
468,-17,29,-88,57,-81,-38,-63,74,-42,-92,-55,-40,23,23,80,-36,10,-18,-43,18
469,56,50,-96,89,13,-65,-41,21,-67,-67,-21,-50,59,18,51,1,-16,37,-75,29
470,91,-72,35,-63,-21,71,-24,73,46,-12,52,-5,-51,-78,-70,-16,-34,92,-66,57
471,32,-13,-87,-90,-3,1,20,65,-86,-72,75,-9,48,12,0,28,87,-90,73,-85
472,-97,-69,0,-73,66,27,74,-14,-58,10,-64,73,91,-54,12,-18,66,15,18,-73
473,-100,72,74,75,47,61,0,-99,61,8,51,-27,82,83,-86,28,-34,68,-19,49
474,91,2,-13,-87,-95,-84,84,95,44,78,64,-46,-59,-80,-48,39,-25,17,6,-36
475,-48,-88,95,22,-74,11,-81,6,-49,85,-37,31,41,-8,18,-68,31,-40,97,38
476,37,-81,48,41,89,-33,-52,-41,70,51,16,71,-83,-11,-98,-95,11,7,-52,76
477,93,-90,-75,-43,64,60,45,-42,-49,77,-29,65,-76,16,-19,20,77,-3,-49,-89
478,-97,52,-92,-15,-29,63,10,-42,46,79,98,54,-89,-76,7,37,-63,6,-82,-56
479,-28,93,-35,-32,65,-74,-31,-86,99,81,-14,56,-78,88,-22,27,63,-18,-26,-45
480,62,-51,98,-63,79,65,-6,-90,12,68,85,46,64,-27,-62,4,-16,-70,-84,-11
481,-10,-33,-66,-19,-98,42,-42,94,-76,-11,43,-91,-63,-6,-86,-65,-67,-51,-10,-92
482,18,24,3,45,-44,-100,-91,49,-13,97,41,-3,30,-59,-50,-53,73,-59,4,-67
483,26,24,-38,78,-34,-56,-29,100,-80,32,80,-39,91,-37,-6,-62,36,-16,76,55
484,-4,75,62,6,90,25,-13,79,-74,17,15,-74,-8,-40,30,85,80,-29,29,-15
485,-99,-51,39,-65,13,-26,-11,-24,96,-53,-33,4,-74,8,-94,61,76,-93,55,70
486,-89,-19,28,45,-75,34,83,49,70,23,-61,-37,-85,82,43,-8,77,-24,-57,92
487,5,65,48,89,-37,-89,48,41,7,65,-24,42,-62,35,-47,-78,-78,-46,36,-59
488,-82,16,-62,-88,-38,-9,56,-15,-86,-34,-86,-6,-63,-3,-53,86,-6,-19,23,43
489,38,61,-13,-98,-67,-9,13,69,21,74,97,79,38,5,32,-92,60,-48,20,49
490,-19,16,-5,-44,-44,31,56,66,-41,-44,19,-49,59,-65,14,62,-41,33,53,75
491,-6,-52,-59,-3,-91,-16,-50,13,-11,-58,-96,-39,-1,81,6,46,13,89,-36,29
492,-15,-39,-87,-27,87,-10,-14,73,-65,-64,100,22,-47,-46,-20,42,-50,-44,100,51
493,20,96,-35,-73,77,-10,83,73,20,-100,-11,87,89,21,-61,80,13,70,-8,-90
494,-42,40,27,-25,-97,28,-65,53,-88,-89,-64,-21,51,86,-98,-49,97,20,-97,-55
495,56,-14,-35,9,80,69,5,79,26,90,49,79,-84,-60,-47,38,-33,7,-48,-49
496,-84,84,14,36,-19,-67,-40,3,-89,81,20,-63,-100,84,14,73,-45,13,12,41
497,-27,-38,19,-21,31,59,36,92,-44,78,4,52,7,93,57,-75,-38,-82,-63,38
498,38,-94,67,18,-86,-35,-72,64,-21,-74,-71,28,61,-24,11,-60,35,-9,21,-79
499,77,-41,1,77,42,-22,-73,-79,-47,63,6,-60,56,82,-42,75,-72,-65,9,-36
500,61,-16,-41,96,-18,85,34,-76,-6,0,85,89,-42,13,-17,-33,-28,92,-10,-37
501,14,-68,-20,-60,63,54,62,79,37,-35,-97,99,61,-25,83,-55,82,81,-18,85
502,36,70,34,50,33,-25,54,-57,42,-14,8,31,6,-4,18,70,16,-73,1,-48
503,80,-21,60,-82,65,97,-8,36,52,68,-86,-35,-5,-41,69,-41,6,67,-25,95
504,-64,-94,-65,17,-66,97,92,74,24,-59,-60,-76,18,-69,68,-87,60,-100,60,66
505,9,83,15,-73,27,70,96,97,81,26,-46,-52,52,-46,73,-51,-83,-29,-99,59
506,16,-83,-38,91,41,76,-52,-43,-98,52,-32,-34,18,-41,39,-86,-28,-88,54,93
507,-81,65,91,-92,-82,-68,18,70,52,36,0,90,97,-25,56,-20,-95,-19,-79,81
508,22,9,-46,-7,87,-21,6,-18,-68,-97,24,-52,99,27,45,39,-99,-14,-33,54
509,69,-67,91,-6,-38,48,-83,13,41,12,-82,94,-12,-1,-70,-81,-84,-36,-46,73
510,6,32,65,-52,-19,36,42,-38,30,-88,96,76,78,-55,16,54,-87,42,-28,-70
511,85,21,59,-50,88,-93,21,11,-81,-87,70,58,-80,3,32,70,-7,-13,-98,-20
512,-52,66,-54,0,-93,91,-63,34,7,45,49,19,73,-15,15,63,100,27,-33,22
513,-77,79,25,12,-78,-66,-93,35,72,15,80,32,47,40,41,-63,13,-39,-1,-28
514,7,64,54,24,10,-2,58,-41,94,-83,-26,-92,17,29,53,65,-54,-51,22,78
515,-84,69,71,-46,-73,74,90,-13,42,97,62,26,-69,62,-77,21,-19,90,78,42
516,-12,-70,95,-57,97,19,-41,72,-80,-33,24,-52,87,46,6,40,40,65,-62,-17
517,-27,98,63,-84,-58,-46,-46,57,36,76,9,-21,-78,-75,1,23,-50,49,-11,59
518,-44,-22,90,-92,-52,69,78,45,8,60,50,13,-5,-3,-3,-46,-75,-96,-100,-24
519,30,-8,45,-93,58,67,51,58,29,71,-67,-27,43,58,-69,-9,-80,-7,14,-45
520,98,18,35,49,40,-16,-47,-45,-39,-19,87,9,-62,-100,48,-28,-31,-38,-19,-83
521,-87,-35,-32,-97,53,87,41,52,36,100,3,-15,27,-28,-87,-62,-92,97,-100,29
522,-27,8,48,-98,-14,8,-22,53,83,-26,46,22,-12,71,-12,71,44,83,30,-65
523,-7,22,1,66,-38,-30,-18,69,-12,49,99,-92,-28,4,-60,-78,96,45,54,-54
524,99,27,-38,-16,9,22,-53,-6,-49,-35,60,-62,-97,-36,7,-10,-84,-15,-28,30
525,-17,-97,-24,-30,11,52,-65,-27,-61,77,-78,1,7,77,-67,65,63,84,-66,7
526,62,35,11,69,-37,93,34,41,-90,-43,-80,14,-82,-84,53,-74,23,-54,20,-67
527,-33,6,-59,17,12,-82,44,-57,-85,-64,-49,-35,61,-76,-85,32,36,92,-20,-16
528,35,39,-76,42,71,58,-35,13,15,78,86,-8,-4,-18,10,45,21,13,42,83
529,25,21,57,-65,-63,-98,74,-50,-74,-87,-78,61,-14,-55,-6,92,-24,74,-51,57
530,-16,-74,-21,-68,-90,48,-2,15,74,-58,-96,-45,79,85,-71,96,-81,-51,89,40
531,89,-100,99,-10,-57,-63,1,-7,57,97,59,-9,-3,5,-40,-84,-29,70,83,7
532,15,73,-12,36,49,-5,25,-77,62,-7,-83,25,-57,-77,-94,-76,-61,-10,-59,-56
533,61,-79,-16,-75,70,-75,5,-56,0,35,38,-74,7,45,87,16,-34,-56,4,-9
534,5,61,-42,-10,-46,-37,70,-51,0,89,-65,5,-83,-100,-29,42,36,-91,17,34
535,47,-25,99,32,-28,-4,-31,87,1,74,91,27,31,45,-89,-81,-73,-75,34,-28
536,66,71,41,-99,-50,-29,-20,-11,-6,-67,-87,100,37,-95,46,55,-51,-69,91,-82
537,-49,9,6,-22,5,-2,93,-44,-46,39,32,-85,-76,-31,80,15,77,-43,-94,-28
538,4,-35,-8,-86,-76,-29,-45,-31,-65,42,-58,-41,84,-75,-11,11,-96,43,7,-74
539,-96,10,-9,12,-30,-14,-30,-35,42,-36,60,84,-93,-39,-49,7,-32,-47,-53,89
540,-8,2,8,36,-48,-67,69,19,66,80,53,-70,34,-76,-71,-78,65,-37,-40,66
541,60,-8,-6,16,-74,-56,-21,-56,86,-24,-77,31,31,-5,-54,31,-59,85,-8,-95
542,-92,-64,70,22,57,41,-38,3,-94,49,-27,43,-95,11,-25,28,-46,-31,94,70
543,29,63,-34,-75,-54,85,-95,-14,-18,-50,-73,14,-66,14,-45,57,-94,50,-32,32
544,-38,70,78,-10,-18,77,-30,-23,85,-52,73,-66,-16,95,-50,58,23,29,-76,96
545,64,-34,53,54,26,-39,-65,-79,27,77,-43,-94,41,-3,-16,12,24,-57,-92,-84
546,-87,-9,77,42,91,-46,98,67,54,-42,-26,-80,73,-51,-46,100,-82,16,36,99
547,1,-6,91,97,-84,-41,12,81,-45,83,99,-3,-57,-42,18,-5,-64,-53,30,-79
548,-57,-25,13,-77,-78,-61,71,-67,80,43,11,100,6,-96,30,64,-65,-23,40,-77
549,14,73,34,85,-41,56,21,35,-19,7,79,30,95,34,-72,71,-33,52,67,-59
550,-87,-82,-58,67,-17,-68,-51,-38,-12,19,43,17,34,-12,49,69,21,-23,-49,100
551,77,-28,-40,92,-25,78,-52,10,6,-34,30,-66,46,-95,53,-12,-3,91,-39,-80
552,34,88,-39,-75,36,4,92,-3,-22,67,-24,-93,19,94,-76,1,7,-4,-60,-60
553,62,-38,-30,58,43,-51,64,-77,100,30,34,-7,23,-15,37,-57,65,-72,-42,45
554,9,-17,-9,21,-28,98,-38,-19,33,-43,-90,84,-92,63,-87,-94,-9,71,-56,-67
555,82,-53,-75,57,-31,43,-53,12,-35,72,40,42,-24,75,99,70,-50,-34,36,-68
556,9,-35,-60,76,63,10,-3,-4,-3,-100,37,-57,25,21,-10,70,-40,96,99,60
557,-64,-20,62,13,-39,-15,54,-78,48,-32,92,14,-78,-82,4,99,17,-9,-84,-94
558,85,62,-75,-93,-2,-60,31,28,46,-31,30,-48,-24,15,-17,70,-11,97,-45,-94
559,-75,-90,-89,-15,-76,35,-14,52,-53,-58,-63,-21,-64,-7,-25,82,-85,-49,-100,-55
560,45,-29,50,30,81,15,65,-97,10,-60,36,51,-55,26,-3,-55,-59,-68,81,-51
561,-61,73,-14,-25,64,-11,2,-73,-23,58,-41,11,-27,36,91,-30,74,52,-61,-8
562,-86,-6,66,-92,-78,3,-53,35,54,-90,37,-19,-58,-13,-79,91,89,-82,-99,4
563,95,76,-55,-91,-94,16,98,67,62,60,4,-76,-85,-84,7,55,97,-4,12,13
564,46,-95,-66,37,42,-71,3,61,0,22,81,-91,88,-74,-99,-28,91,-8,65,88
565,2,-33,43,97,-37,19,-19,36,-89,55,6,74,-21,-95,13,32,39,-68,-11,-50
566,-55,-6,59,92,-78,-32,-25,-22,39,23,-60,69,-59,-61,-9,-46,-4,65,44,-13
567,90,11,82,-7,-57,-40,-26,-45,71,16,56,14,18,0,-72,65,-34,-41,-97,85
568,65,94,83,-74,-100,33,-34,-99,-71,-17,-14,99,-87,88,3,-94,64,33,-79,-95
569,100,1,82,40,57,43,-50,63,94,-89,90,-28,-32,71,37,17,-58,-28,12,14
570,20,-64,47,-54,4,20,-52,28,-41,-4,-24,71,-97,61,62,8,74,23,34,45
571,-34,77,75,97,-6,-80,-41,27,-93,51,-48,-60,12,39,-18,-92,-5,46,-7,-76
572,-6,12,18,44,-9,20,-38,-1,-13,62,-67,-89,-73,10,65,43,-17,-89,24,-90
573,-31,93,91,90,-82,-19,-80,96,-40,80,-62,-77,-56,54,-100,-29,71,41,34,-52
574,-17,75,-83,-68,2,-27,-77,77,35,-79,-52,50,93,39,91,81,46,-67,16,100
575,1,-89,16,-98,-79,-8,35,57,-86,-83,-58,93,-28,94,-31,29,-59,12,65,42
576,-4,-65,-8,87,64,-24,5,-16,94,-6,99,47,-94,85,25,-10,-41,-18,-94,-16
577,18,42,15,-19,-89,24,-33,54,-25,43,-72,-30,31,26,49,77,-33,-90,81,-9
578,-43,-14,-63,-81,65,-46,-95,-97,-85,-30,-52,100,41,52,84,-26,45,-1,-8,60
579,-40,24,-35,11,60,35,75,6,77,82,-24,-60,-59,49,-37,88,-12,-14,86,-82
580,99,2,12,17,-70,75,-63,-100,95,67,-78,-1,51,62,-53,-24,100,-42,81,49
581,-73,-46,61,-11,100,-19,59,13,77,42,77,9,57,-41,83,-60,3,-41,20,43
582,-19,16,-5,-55,-100,-11,-91,37,36,83,-62,82,46,7,87,58,60,77,-84,35
583,-89,100,-35,69,-24,-4,42,-11,80,-54,-35,-54,48,-49,-94,-99,-77,-24,-64,-36
584,93,7,-42,-63,82,55,-1,80,46,-88,-25,-52,43,15,59,-62,-6,-10,46,-34
585,-24,96,-96,8,-85,-85,46,-35,-54,69,-89,14,64,-16,11,28,72,-47,-36,63
586,-79,-11,-86,100,-34,-15,-33,-55,-66,32,28,39,63,-11,-44,-88,-39,-79,-2,60
587,36,93,-70,-64,-83,87,-94,-64,47,28,36,83,68,1,13,-69,27,-66,17,-4
588,51,-19,-73,-3,-41,-21,8,-76,-70,17,-26,-55,48,-66,-38,18,-87,18,4,-89
589,45,27,15,-47,12,85,37,-92,73,86,-68,-69,35,-75,-100,-72,16,52,-59,-31
590,-57,99,-53,42,21,68,-75,36,-97,23,-16,52,41,-67,-65,57,-75,-6,-42,26
591,-27,-60,90,33,-33,-24,-56,49,42,93,72,52,-87,-96,87,-34,-91,24,85,21
592,43,18,-77,68,-40,-94,7,-78,-93,58,44,66,32,-86,60,-48,-32,20,88,12
593,53,-20,-99,95,50,41,0,-99,32,26,55,-92,52,98,46,88,61,15,-35,16
594,-17,-34,-74,-66,-8,57,10,83,-51,25,47,-34,-78,85,99,-45,-17,-39,-63,55
595,-61,-99,99,8,27,65,44,-14,-75,57,73,-50,-83,69,86,-66,99,-36,-67,84
596,-75,-37,-28,64,91,-3,-91,-15,44,-11,68,-16,-26,-66,40,-27,-26,58,-68,20
597,12,99,-31,70,-1,29,-93,-85,31,58,53,-3,38,41,76,-49,46,-4,57,-30
598,-46,47,79,76,64,43,54,-98,96,-56,-74,17,32,55,58,-53,85,-3,70,64
599,51,-18,-29,-67,51,49,-84,-23,29,-38,78,-45,81,-66,-41,86,-39,84,27,-48
600,-53,-39,30,92,6,-56,-8,53,69,-23,-40,-74,-58,75,-74,31,-77,-86,-14,-26
601,31,0,-71,63,-90,78,-18,-55,-87,98,65,-44,60,71,32,56,54,27,98,3
602,-11,84,67,-8,-1,-12,44,28,-21,33,-81,78,71,65,-13,-25,96,98,-62,-72
603,97,-52,-53,-48,-12,-89,26,-22,75,91,44,71,-7,-97,28,29,-57,-9,-67,0
604,67,22,-5,-34,84,-94,-70,63,-51,-96,-74,81,38,-72,12,-75,-34,60,-74,-66
605,74,-59,5,-35,63,97,1,-34,-14,-100,55,-50,29,-90,15,-74,88,23,-54,53
606,-9,-86,-29,13,67,-19,-45,-91,-21,31,2,6,-28,11,-86,-94,98,-8,-55,-24
607,77,-56,-63,68,-81,-1,80,-53,-99,-49,19,-5,-38,-96,-46,-27,-44,55,87,72
608,90,89,53,22,-37,-23,-97,-67,68,70,-86,-26,40,-13,-56,73,6,-85,-88,1
609,-53,-41,35,11,-50,93,62,83,-88,-66,-10,24,-10,51,8,-66,19,-55,1,13
610,16,-61,29,39,-33,57,-13,9,-94,-19,-36,2,-91,4,-33,92,-95,-5,8,-54
611,-21,-80,-85,-38,-87,17,19,37,-19,-2,32,-81,5,99,-54,34,-28,64,25,-59
612,-2,-60,50,10,-42,-66,-54,-59,-53,-65,100,-77,69,67,80,20,-8,-86,45,-49
613,-12,-16,-2,75,1,-87,8,-31,-89,-78,91,36,-62,-26,-52,27,-7,-31,29,-94
614,51,71,-72,-40,-82,-97,51,37,-88,86,-96,-14,80,-98,68,57,22,0,5,-61
615,10,-42,-48,-98,6,-62,79,-83,99,-51,2,35,72,-3,-37,-11,-19,-9,-70,-50
616,11,-59,94,-74,95,37,55,-42,-100,28,32,57,-48,-68,53,-35,77,25,-11,-79
617,-73,54,-21,-36,26,-55,70,45,10,-96,45,12,-22,35,-79,-27,-65,-94,40,12
618,94,-11,-81,-16,35,22,19,28,23,-100,24,-27,20,-26,-81,-37,-45,-51,-67,-42
619,50,39,-90,-55,35,-43,56,-30,-54,82,58,42,-100,-93,-42,-20,45,-71,-23,90
620,22,24,25,0,-66,6,41,-82,-45,8,-1,85,-88,75,-79,55,-92,-67,-48,37
621,-79,22,-57,-68,81,-53,-13,18,-12,43,67,43,-23,66,52,36,59,-72,-95,73
622,-61,70,49,8,-41,0,-49,-47,-55,10,10,-63,84,70,-97,20,30,36,-69,-40
623,-17,-58,68,37,90,-19,88,-96,25,-84,13,-12,29,-83,3,63,-60,-13,-4,34
624,-77,-98,97,-91,-12,69,-100,-55,71,-13,87,71,93,-6,77,-66,-86,-84,-90,86
625,97,28,-23,42,-75,-66,26,-2,-40,-56,61,-81,69,64,-13,-40,-59,39,-95,-1
626,67,69,-74,-10,-85,-12,-51,-39,25,17,26,46,-100,-11,-66,-26,38,9,13,-89
627,-54,100,10,89,91,74,61,64,-89,-50,-38,82,12,68,41,34,-65,-88,53,11
628,-23,41,-41,-75,97,96,-3,6,-69,73,-92,28,-58,-61,53,5,-87,69,84,74
629,-68,-17,16,52,47,-59,87,-13,-75,-50,84,-78,-68,-100,-71,-36,-4,-15,62,-78
630,98,-95,37,-80,-14,81,42,38,37,74,24,-9,11,58,-46,76,-71,-2,30,-58
631,-8,66,63,22,-26,-66,-40,26,-64,-44,19,-88,-29,57,42,12,65,24,57,5
632,-28,57,4,43,6,56,-11,4,-13,63,-16,49,14,-56,-27,-49,-50,36,-3,-78
633,94,-63,-45,22,-22,-55,43,49,24,72,48,6,54,-54,86,54,88,-50,96,-63
634,-45,-95,36,-86,63,34,-83,-39,13,-70,-2,-74,27,67,-12,-72,-18,23,-56,-99
635,71,-35,41,-22,20,-21,-4,-33,-73,-52,86,-90,-81,-94,45,-33,-69,0,95,53
636,-58,-65,-51,57,-80,-99,70,61,-90,37,-82,-62,-24,16,76,100,-98,-61,-32,-58
637,36,74,-69,82,-47,88,-88,91,79,-37,-89,92,-46,-64,-36,31,76,-10,-90,10
638,-29,-85,45,4,-59,-21,4,-7,-38,76,80,-60,72,-17,-55,35,72,92,51,12
639,40,84,42,4,96,-72,-37,40,-69,-49,-76,-39,-12,17,66,-49,11,16,15,39
640,-99,-39,98,-16,41,4,-13,-92,-7,21,-63,-62,-83,-5,56,-68,0,76,1,1
641,-77,-77,-19,2,9,-42,-34,-38,32,-76,-32,-68,59,-54,-43,77,49,17,10,33
642,-3,82,-58,-32,94,20,-42,18,-51,-15,-43,-85,-90,-57,97,-77,3,27,76,72
643,-56,80,95,53,79,64,9,-45,-42,54,33,-27,17,36,31,68,-30,-74,-54,38
644,35,28,-80,-17,42,98,3,-68,6,33,96,78,-74,82,16,35,-56,-75,48,15
645,79,-29,35,-91,18,6,-50,65,9,-52,-92,-31,-44,13,-74,33,47,-40,13,-25
646,-84,17,-73,34,77,-3,66,-68,22,-12,18,-83,-37,-62,67,97,-43,69,-52,70
647,-24,-67,-73,24,-76,-89,-17,22,-69,-54,-22,-100,-68,-97,-35,71,-42,-62,48,0
648,100,68,-71,-22,-5,-93,-28,97,36,-98,-57,13,-90,-22,81,1,-38,-4,-76,84
649,47,51,95,67,-45,75,-34,-65,-62,33,-35,-77,-99,-70,-82,-83,61,29,82,-46
650,-69,-45,-32,-26,-94,16,22,-28,-97,37,57,88,-78,63,-35,-86,-27,-36,89,-98
651,15,-56,84,-38,35,-40,-88,44,-47,-99,-17,-90,99,-72,6,-94,-37,-39,-88,36
652,29,-53,56,75,-71,17,88,83,30,73,-42,42,62,8,-85,16,-33,-63,-5,53
653,-2,-31,39,-82,31,-7,95,68,66,-72,-14,-52,1,18,-60,-21,73,-73,-26,-76
654,-53,88,-62,87,51,84,44,-55,-23,78,-5,42,33,18,-34,-16,52,-20,78,48
655,75,-15,-7,-41,19,-95,22,-47,38,2,-76,56,-41,74,-23,-66,-5,-86,-91,97
656,60,14,75,65,-62,-1,-99,32,60,9,-80,27,-9,-9,-10,70,52,29,33,2
657,-38,-48,-33,81,-45,94,49,86,60,-65,53,-27,22,-47,-52,50,-2,-71,23,-89
658,-87,99,-74,50,33,28,35,32,38,34,-5,85,-42,9,-31,1,47,21,-57,100
659,-46,0,24,28,-80,-36,12,-61,-35,-43,94,-33,26,-48,-87,-46,-82,39,41,29
660,25,100,6,-31,-68,-27,-45,49,82,26,-15,20,91,-76,-91,-74,66,70,34,77
661,-46,85,-10,63,82,65,-51,-98,43,92,-7,63,-72,-94,32,-79,-99,69,-92,60
662,-64,48,56,99,9,-86,83,-44,13,30,3,-49,59,-72,-81,-49,8,73,-75,-60
663,32,-52,-76,74,48,-20,-59,47,-97,16,-43,99,37,-35,-100,97,46,95,41,30
664,92,1,59,56,-24,-73,51,86,76,80,-81,84,-78,-9,-65,79,-89,-17,-18,5
665,32,90,-29,44,-44,-50,32,41,-87,-10,-89,-31,1,-16,48,67,-49,6,-35,18
666,-8,-50,73,-11,-82,44,100,-59,61,-68,-55,-36,22,-5,-23,-70,-2,-38,-71,-85
667,-14,-80,-95,-21,-44,36,88,-50,-79,25,77,49,2,-82,29,-1,24,85,-86,-54
668,-82,9,70,58,100,-50,-39,-93,-94,72,21,79,-12,41,80,24,61,-26,-84,-67
669,75,-30,-80,-86,-12,53,64,-29,-60,4,-71,-45,66,32,-64,-80,11,-97,19,20
670,96,-7,-4,-51,-60,51,-69,28,-71,-32,-77,39,31,31,-83,-53,41,-16,24,-91
671,84,67,-61,-40,-10,-40,39,-70,74,0,46,9,-72,84,-1,-73,-40,54,36,78
672,36,84,-48,20,93,-11,99,-43,-8,76,55,56,-58,-11,44,-88,-79,3,-97,-63
673,-89,28,-51,9,56,-8,-55,-53,34,-70,-58,-49,98,86,-29,-57,-82,68,24,-77
674,97,-79,91,-88,-47,17,-61,-49,-7,-57,14,39,-60,-22,-85,-10,5,25,75,-19
675,-27,-25,-79,-50,33,-67,-97,-36,-47,-62,25,99,8,-98,13,-97,57,94,81,65
676,-34,0,89,41,-2,-42,25,-16,-38,-91,-15,68,-93,-36,-100,-90,-63,80,-4,20
677,-33,-12,-92,38,4,-57,-55,-49,-41,36,-21,45,56,19,-27,-90,-59,68,-52,91
678,83,-57,70,87,-2,-71,-69,82,56,-90,-100,80,24,-39,20,-25,15,-70,93,52
679,63,86,82,-13,14,-77,-29,-9,-51,95,39,35,77,-95,-51,52,32,59,85,78
680,98,9,24,94,-41,-65,99,98,8,-89,-87,-72,48,46,-3,-32,-13,-9,-90,-39
681,59,95,-61,86,-80,-80,-3,-16,-89,32,-3,-100,-48,46,-7,62,-50,97,20,-27
682,44,69,-36,33,88,-23,67,-77,-73,-26,48,33,-81,6,69,96,-51,-12,-35,98
683,21,-54,38,94,14,72,85,94,41,88,37,-72,-23,-39,-57,-77,22,-6,4,-5
684,62,-68,-68,37,7,69,27,-47,-24,-12,-24,-57,51,-27,63,54,10,58,-6,-38
685,-62,81,96,-85,-50,3,-21,-24,-57,-24,-79,-50,36,57,-89,54,68,97,-72,75
686,94,72,-26,36,11,94,-5,-8,2,80,9,46,13,59,-73,-61,23,40,-3,22
687,-61,40,80,92,41,-25,97,23,66,28,-35,-5,75,64,-9,26,-72,3,-64,71
688,82,-88,-76,97,-82,5,73,-34,-98,-64,59,78,22,-17,-60,4,-45,-16,50,87
689,-7,4,76,33,-25,16,-79,-87,-22,-82,22,26,-49,-87,-79,-84,29,-31,-26,-61
690,41,-67,86,-78,17,-20,-20,-75,-41,91,66,-75,-72,-42,85,-84,-66,-14,65,92
691,52,-31,79,80,-39,41,20,28,98,37,8,63,9,-49,25,-4,-89,90,-58,-98
692,24,-57,83,-95,73,-68,-92,-80,70,-54,7,88,39,32,59,1,-11,-98,61,-15
693,43,-40,-69,-47,-100,-34,70,-9,-73,40,58,20,88,-55,40,46,40,25,-87,-79
694,6,-15,-66,91,-78,-17,-27,-58,58,30,31,100,82,66,35,23,5,95,86,12
695,86,94,14,-67,-88,45,-82,24,-51,37,-37,80,52,69,73,0,80,60,65,15
696,-43,89,-55,72,92,64,94,31,13,-38,-73,32,-37,-70,40,12,60,15,-84,2
697,-8,80,-18,30,-96,-23,-84,15,-92,-33,-42,-74,-29,84,-55,10,-96,-34,49,29
698,-13,7,-65,-42,15,72,41,-47,-58,11,-29,94,-69,-69,100,76,-33,-82,24,-19
699,-34,33,-63,-84,73,-15,-61,50,78,11,-97,51,60,2,36,49,-3,58,-1,-25
700,-73,25,40,84,-29,-29,-22,11,-19,-88,-91,57,51,-81,-11,49,86,-63,14,-56
701,-48,81,53,-36,-36,29,1,83,-83,92,57,-79,-59,55,97,31,-70,40,-82,54
702,88,52,-8,92,-52,93,61,50,-20,-24,0,49,-50,-28,39,-60,-32,-76,-90,24
703,-51,71,-65,93,80,-83,-48,-47,17,54,61,73,75,-34,-65,-35,57,72,100,17
704,24,36,-70,55,-13,43,83,-34,54,85,1,45,12,10,95,23,59,-11,-59,-18
705,-12,-3,-33,-84,-15,79,38,54,9,-11,89,-38,50,34,38,78,-56,58,-57,13
706,-25,-69,84,-30,37,29,-13,30,16,8,97,-7,74,34,65,86,51,93,41,-79
707,70,-36,50,-19,57,-38,93,-96,41,19,-14,-24,76,-28,92,-74,-27,55,30,64
708,-37,45,86,56,-24,53,79,-49,-13,85,70,-25,82,-35,-73,27,-17,6,-5,12
709,-63,73,-55,-51,78,10,-70,67,77,56,14,-83,39,-50,68,4,-91,87,-66,86
710,65,-81,-96,-39,-1,-36,-59,-56,-6,34,39,43,26,-53,-96,-42,19,-17,61,82
711,-90,-43,60,61,72,-26,-54,-70,60,83,-25,-52,-71,88,13,41,-64,-45,31,-12
712,-69,31,-82,-40,93,42,41,-75,45,-80,36,100,-19,-76,74,57,-3,97,-69,-91
713,-35,-63,-94,20,-25,81,-74,65,18,22,96,-44,-89,73,-69,-90,45,46,-6,-22
714,-41,-95,11,-92,-65,58,62,64,-87,68,9,14,68,61,-46,-8,89,-69,-26,-5
715,95,2,-68,-47,-27,35,-29,76,-38,95,-79,58,90,31,-80,-47,15,87,-95,-51
716,-86,-21,-37,-100,-28,-5,-63,-12,4,33,-65,-62,89,-24,8,80,94,-73,-29,-1
717,54,99,85,92,18,-35,0,-83,95,-18,-45,46,-44,-60,-89,-62,-82,-62,-81,5
718,50,55,-59,2,-33,-4,-71,55,-71,95,25,96,87,36,-80,-74,-30,1,-88,34
719,5,60,-6,32,77,14,-46,-61,-63,-10,34,43,89,-39,-94,-8,29,63,51,-64
720,-34,15,92,-49,27,-20,-46,69,97,-76,51,-31,46,73,53,-56,-24,100,-53,22
721,-88,26,12,8,55,90,-89,76,68,-44,78,-76,-91,-55,36,13,57,-37,-54,-70
722,87,58,-61,-36,-91,-35,-11,-42,64,-90,-6,65,-57,-46,-6,-92,-42,-73,11,-80
723,-87,-91,-68,-52,55,-62,-73,32,-91,74,27,97,86,55,44,91,-98,48,77,23
724,-4,-71,-44,69,-7,40,97,-97,-69,32,-93,-77,13,-83,-57,96,-8,-52,-62,58
725,-38,-28,90,-13,-71,57,-20,56,45,-40,-48,-100,63,95,94,-93,-33,-64,-63,35
726,23,-56,-88,-49,0,1,-77,24,92,-22,-89,16,17,29,40,-96,31,-78,88,-2
727,72,37,-18,-10,81,-41,73,-18,-54,-7,36,-43,7,-6,-31,47,-42,66,54,35
728,79,-56,54,74,3,8,-59,38,36,12,-56,-9,90,25,-40,100,-28,-80,-72,5
729,38,-92,-3,-63,11,76,75,17,-25,31,-41,-71,-84,11,20,16,-55,-56,-45,-31
730,96,-13,87,-25,1,77,-76,-81,-74,-45,-37,51,0,-73,-48,-52,-27,14,19,-14
731,-65,75,-67,48,-49,27,75,74,64,-62,70,-63,-29,-9,27,-33,52,26,50,30
732,86,27,-94,29,40,65,-88,-76,1,-36,-75,-7,67,-39,-44,-15,81,-26,49,63
733,73,16,49,67,-79,80,93,83,10,-76,64,-70,-12,71,10,90,-90,-51,-16,-29
734,-46,10,74,-5,71,-41,-59,68,-79,53,64,-54,-22,-99,15,-27,-100,-1,-33,-82
735,-17,-57,50,20,72,63,-57,23,19,-11,-78,-55,-63,-66,87,-40,89,16,-59,78
736,84,18,-77,-75,-70,38,79,9,51,18,50,0,-55,-12,-47,-1,-60,-46,-59,-26
737,-84,-75,-3,29,20,-98,67,-67,-60,-49,28,-76,22,-79,-80,71,12,-10,-14,-25
738,74,66,-56,-94,-100,13,-29,42,20,-50,6,-67,70,27,-83,-44,-26,2,-51,-78
739,92,11,67,-30,63,12,-93,-67,51,21,-53,-28,93,87,-40,90,95,-34,6,57
740,10,4,3,12,-89,-26,-97,84,-62,-26,59,-67,-67,-20,-46,15,-94,-100,-75,35
741,99,-47,-20,-44,-84,58,-64,51,-43,66,63,93,82,61,76,-67,79,-9,-93,75
742,-18,13,54,-18,74,-52,97,29,81,-66,-83,-76,-77,-23,-43,-79,-91,-66,87,-7
743,-81,38,36,-100,-49,62,0,-21,-44,-67,100,39,33,-22,-7,71,-47,-37,-3,65
744,78,24,-9,69,-92,52,-7,92,17,-20,91,5,-58,4,-63,-69,-94,-97,-86,-65
745,41,-29,-8,-13,61,-75,47,-54,-56,-9,42,-10,1,61,-67,48,20,96,-62,7
746,-76,-96,-59,79,-40,39,-2,-2,-96,24,-93,38,66,76,-78,48,-93,80,89,45
747,72,31,-5,2,27,-50,41,-12,-42,100,-61,-85,52,85,-57,96,41,82,36,-45
748,29,28,-63,42,-17,35,83,62,-55,-24,-41,-81,76,-1,90,2,28,-48,-39,98
749,-99,-73,-61,-37,-62,68,62,-95,70,63,-74,-40,69,19,66,34,-81,54,87,29
750,68,-50,16,-23,-34,-69,92,-24,43,-1,-36,55,-34,-98,99,-89,89,77,81,85
751,20,-72,76,-87,19,38,87,78,-36,93,97,-87,-8,-61,64,79,31,-16,30,-87
752,14,-39,-87,-20,-63,33,5,-78,-71,45,-32,-70,61,67,-78,-50,-17,11,-86,-53
753,-43,60,-59,-97,49,-42,-7,96,-32,92,-45,-50,-97,69,22,-1,77,-52,67,-84
754,1,29,-86,-94,67,56,-46,75,-27,-65,-80,57,38,-2,-85,-37,-21,65,-2,31
755,-92,-52,-12,70,73,-96,44,-29,67,68,68,-60,54,78,91,59,-16,12,9,-47
756,98,-74,-42,-65,-51,83,-37,-61,100,-15,-61,42,-20,13,1,-62,-78,-96,-37,-9
757,30,-69,54,64,-34,-26,77,-24,79,98,71,-53,25,-70,-30,-30,78,-90,5,-97
758,88,-22,39,-47,-89,43,17,58,-3,-50,9,62,57,-48,96,81,-56,28,2,-34
759,83,100,-61,15,98,40,-6,15,73,-66,-2,36,-100,42,45,-8,34,26,29,26
760,-87,-34,71,10,37,77,59,-84,-66,-39,-49,-35,78,84,-49,-67,-14,-91,-15,-72
761,-70,-46,40,68,-76,-21,36,-25,-7,91,61,-16,64,-100,83,-24,-83,78,3,-94
762,-47,1,-48,20,-82,-52,43,-70,93,-51,-39,21,-100,-91,87,33,-97,-91,77,-9
763,-55,3,-14,50,-79,-42,35,-87,-15,74,-44,2,-95,-32,-88,6,87,30,-47,-22
764,-85,86,84,-73,25,-27,57,-80,48,10,57,-63,-85,-6,88,-64,40,-72,-65,-41
765,84,-75,86,-81,53,-89,-35,61,13,33,28,34,-17,-64,-97,-61,-88,89,-84,-31
766,12,-27,-60,17,9,11,-48,98,19,28,-18,52,59,-6,-69,-48,34,-90,78,91
767,40,-48,-95,66,-64,18,90,-71,-22,-32,99,9,-48,57,24,90,58,-73,-84,-66
768,61,34,34,62,91,-51,76,-93,-63,36,-93,67,-28,24,-85,-22,-70,96,16,32
769,28,94,-7,17,-49,-40,22,-61,5,45,4,-85,25,-45,-48,-36,-85,-82,34,90
770,9,41,-4,26,41,20,-21,-43,50,76,-45,-46,27,-21,78,40,32,54,-76,48
771,60,4,-77,-57,-76,33,-62,32,57,92,93,99,15,20,-83,-72,-96,91,-22,67
772,15,-67,-65,-45,56,-99,42,11,3,82,33,-53,15,-82,-46,44,-55,-52,50,80
773,-54,21,-47,-37,90,-22,-11,-69,50,-80,-19,96,37,-10,26,20,75,-18,-70,-86
774,44,58,84,-65,17,73,25,37,-48,-38,-46,-72,9,16,-38,-68,86,0,-58,-97
775,43,88,8,-58,-80,92,100,-67,7,-27,41,-64,100,-78,5,-68,-52,5,-73,53
776,-68,14,43,-4,-20,-41,98,-90,60,53,-22,-6,71,36,-50,-95,99,-34,91,-23
777,73,-90,-18,-96,-10,92,-83,12,-43,-71,-29,53,32,82,-58,-6,-95,-99,-7,-9
778,42,-92,87,-13,20,-69,84,-88,11,20,62,41,-39,27,80,32,25,-41,83,50
779,-31,79,55,-61,15,-90,-73,90,-28,51,-6,97,89,-16,-7,91,69,10,65,-90
780,71,-45,-75,-12,16,-39,34,20,24,71,32,76,-33,97,-60,-28,-8,-44,50,-6
781,38,-49,-61,-61,-73,24,23,-49,98,-80,-88,71,60,32,30,-75,-76,-43,-87,-32
782,-27,-31,-52,80,-5,23,65,2,-94,-84,91,49,41,-73,-7,-58,27,67,52,14
783,94,31,-6,24,62,4,-91,13,-1,56,-48,98,-27,31,-40,52,-100,-23,-42,78
784,65,-69,-18,-32,32,50,45,92,72,-87,-12,64,58,66,-16,-65,77,-50,-66,-39
785,91,-73,32,-44,41,0,91,45,-1,80,-89,-51,-93,72,-80,95,24,-67,-79,93
786,-27,39,40,-59,55,-18,-52,-35,81,-53,-99,-14,-12,96,58,4,-80,-42,-61,85
787,62,-57,68,-56,20,45,-61,100,-77,-28,-23,23,91,80,-26,14,55,85,-39,-100
788,-46,69,30,-86,-62,-73,29,64,-97,-72,-51,42,12,4,-45,-95,-65,30,-98,-5
789,-11,-37,40,-20,49,-87,41,52,-22,-41,43,-2,83,95,35,96,-32,30,-8,-93
790,25,48,-45,46,29,36,71,72,67,95,95,63,71,-62,23,-85,26,-62,-25,28
791,21,17,-40,-93,-64,-26,-9,7,-93,66,-57,21,35,36,-42,-95,78,23,12,-100
792,-88,20,1,93,11,-94,62,93,58,-36,-84,11,45,-73,-52,-91,-34,-79,24,17
793,-9,-47,20,-82,23,6,-42,97,76,-98,28,-2,-74,41,45,-88,18,-85,7,-39
794,64,47,-72,-46,31,-73,100,24,81,89,97,-67,69,39,-97,38,39,-47,8,67
795,-74,-59,-73,-40,90,1,-56,-96,19,-72,65,10,-67,73,-72,39,4,87,-40,94
796,-90,-37,17,-30,0,-92,-45,-64,-13,90,-3,-16,-43,-23,-86,-86,3,-47,-1,-71
797,-82,21,34,76,-32,-30,64,31,-14,79,15,-60,91,-30,-92,35,91,72,-26,91
798,-89,97,5,-23,88,75,-95,-2,-76,77,93,48,61,-57,-63,26,-79,41,86,-72
799,-59,-60,83,55,19,24,-86,73,-92,48,37,-36,-92,49,46,-10,-94,-22,26,-91
800,32,-53,-11,-40,97,-98,53,-5,-35,92,51,97,34,18,86,-6,-97,44,42,-83
801,56,-38,-6,54,19,-38,-2,-53,-23,13,92,-89,-30,-43,-21,-42,-98,-72,-4,49
802,-62,-95,-73,42,61,62,83,-59,99,51,15,-56,87,-43,-54,6,74,54,-80,-28
803,-84,16,-82,-88,-72,4,26,44,-90,16,-46,30,21,-65,8,-44,70,19,-11,-24
804,-58,51,-17,66,-7,84,7,83,80,92,-17,81,-9,71,30,-100,38,-71,-26,-85
805,37,-58,54,-91,-17,-71,80,-96,-81,36,99,57,-6,-44,5,9,-43,68,-44,-27
806,-87,15,-34,-54,-81,22,-3,-54,31,-21,7,84,-28,76,38,8,-81,74,-3,-21
807,-25,29,-42,34,-80,-48,2,-52,-9,-69,-51,18,-39,56,-28,87,25,48,43,17
808,-38,-94,-2,-35,28,-72,83,-35,67,9,-42,-40,-81,-50,-34,-64,-39,17,-83,-66
809,-20,57,57,3,-13,68,37,-36,59,-10,-69,-50,-11,79,-56,89,-18,-14,-45,-18
810,77,-34,-27,59,46,54,-72,-100,38,-40,59,-86,-8,30,14,-94,54,-52,-49,-100
811,97,-25,5,1,-39,-12,-41,-60,28,-11,4,-5,27,-32,-94,-84,-95,69,-91,-35
812,-7,61,10,68,-96,-55,-26,-26,16,14,-40,95,9,47,-62,16,32,-3,79,-54
813,77,-39,-93,-1,-41,3,-2,-33,-90,26,98,-90,-96,-93,-67,25,-14,-49,92,-53
814,-47,19,91,59,57,-9,-7,86,27,13,-52,78,24,-34,-34,2,57,-47,-66,-35
815,20,-100,-55,-9,49,84,75,21,-58,41,-77,-71,22,-16,-95,-63,53,-99,-31,-48
816,64,30,-33,-62,-22,-79,-50,25,-7,-97,-84,55,88,-66,99,76,-68,-36,35,86
817,8,48,-46,84,-74,57,-22,45,80,-7,99,-65,86,-17,-91,18,95,19,80,-58
818,52,-78,-13,17,70,53,-49,10,43,95,-31,-94,27,-48,1,-93,3,22,-10,-57
819,-94,-64,84,-80,86,-82,74,-89,57,25,21,48,34,7,-56,-54,39,-84,-73,6
820,14,-62,-17,62,-12,1,-85,-99,99,-51,-82,68,55,10,78,-49,-33,86,58,-36
821,28,-55,-78,-62,-45,49,69,-32,48,-95,9,-20,48,-1,-16,-75,98,33,62,-91
822,-77,-97,-86,-38,-59,-29,3,52,88,67,25,-74,-92,11,21,-15,42,-43,-13,-63
823,-42,-37,76,16,-2,-35,-13,-79,65,-42,95,7,7,-8,96,-14,-13,77,78,-72
824,57,-84,65,51,68,-49,28,-7,-16,59,67,-56,-58,-61,-19,-40,-26,41,-37,-49
825,27,63,90,-68,79,-12,-53,-35,65,16,22,-5,19,85,31,71,-95,4,85,78
826,-77,-41,13,18,12,16,94,34,-60,-5,-39,71,1,-79,32,16,90,45,44,39
827,0,-73,-45,24,80,-94,11,12,53,81,-56,66,15,66,-39,-52,-51,-49,-3,-71
828,-32,-5,-20,98,60,-39,-17,-74,86,-49,52,-25,-9,-10,-59,92,13,69,-4,-27
829,-25,-68,-76,73,-82,14,6,4,7,64,-23,3,11,-15,-92,-67,-11,-2,-46,-31
830,35,3,32,81,-38,-37,-37,54,-76,63,-56,-85,-23,99,36,-44,-15,57,-20,-89
831,80,-95,-85,30,-5,-59,14,-6,-27,40,7,-42,50,46,19,-49,60,-56,-99,-78
832,53,-95,100,58,-99,16,-46,-1,-64,41,-37,33,-52,-67,86,-46,1,73,-90,18
833,30,-74,99,-44,-12,-93,-79,-27,-17,6,-78,65,79,77,-99,-88,49,-77,-79,98
834,-86,54,-24,2,91,68,55,-15,17,-14,77,-29,10,72,48,17,21,-15,-2,-92
835,97,-31,-9,37,-84,48,-85,-60,14,17,-7,88,0,38,-50,-82,78,54,-19,71
836,-7,-95,-25,45,76,-95,34,27,40,-34,64,0,-13,28,98,2,-96,81,-44,83
837,60,-97,51,75,18,-67,-24,68,95,17,100,85,15,71,30,65,-24,-89,31,-65
838,99,46,16,79,-46,72,81,-95,22,-49,-76,-72,-51,93,-39,44,89,-11,-5,-34
839,85,-89,-12,55,-17,-17,-71,83,3,-84,16,-45,77,-2,-92,28,-60,-64,61,12
840,10,71,62,-56,-80,97,14,-83,-22,75,39,2,-100,15,8,75,72,-25,-98,-73
841,-13,2,-51,12,-61,50,-85,63,40,-19,-73,39,31,-67,-7,73,24,33,-98,-54
842,6,-85,69,97,64,-20,-64,67,-57,-50,17,-22,8,34,8,-93,58,-74,81,-97
843,-23,36,-79,-29,-13,73,51,-56,94,-39,-12,-94,-36,76,15,71,61,39,-43,73
844,-22,80,88,-4,68,-61,55,30,39,52,62,52,-51,-85,-11,-85,-14,14,-98,-35
845,24,74,100,57,-42,89,-24,-97,-44,-74,64,67,88,63,-67,-24,-61,-28,8,-81
846,39,49,-85,-20,40,-35,12,-16,65,5,20,98,92,2,-91,38,20,-95,-28,-73
847,60,73,-91,5,84,-64,83,-42,72,47,12,-18,-70,-20,12,14,-95,59,-8,-29
848,48,-77,-58,66,9,31,-52,-32,8,-26,-99,-70,36,-90,37,34,-31,-65,6,-63
849,51,78,16,21,90,-97,-20,82,54,70,0,-89,-25,-37,-20,-18,41,-88,22,86
850,88,-44,49,66,-15,-44,-18,-19,-3,-50,-36,61,72,66,-94,13,-44,-64,-61,-33
851,-22,60,74,-8,92,81,17,78,-9,88,32,9,92,73,-29,-2,4,7,86,-28
852,3,35,27,-40,-43,50,-81,-3,58,8,78,74,60,-90,-80,84,51,-82,27,-57
853,100,-17,38,100,-87,-61,77,71,-39,-15,45,16,33,25,35,97,35,-6,61,2
854,-80,-1,-66,66,-61,-87,-98,-73,22,56,-26,-26,24,-88,-72,87,-16,-47,-68,-2
855,-10,7,-74,84,29,-100,43,12,-46,-63,22,70,-64,-68,18,-20,14,-60,-34,-81
856,57,-10,-70,26,-90,9,81,43,-30,-98,24,100,-38,-93,31,65,-30,-61,-66,-64
857,-7,-3,39,65,77,-12,39,-30,-76,-47,-50,96,-80,59,-57,-11,-22,-27,5,-44
858,-47,-75,94,85,20,7,81,22,86,-42,-100,60,38,4,-50,76,-64,-36,-98,-57
859,-97,18,-81,-33,74,-11,-56,21,-41,-25,-95,31,72,-6,-82,-36,-33,-1,92,52
860,-41,66,21,-83,-81,65,23,55,9,-11,41,-8,1,-75,-78,-56,77,7,-93,-17
861,88,-87,15,82,85,-3,96,-2,72,-11,47,49,79,-87,0,-43,-47,44,32,-6
862,70,48,81,-15,44,60,68,-89,-19,74,82,98,-66,-88,41,52,-97,31,19,1
863,-56,-71,2,-55,-30,57,75,59,15,-45,-32,44,-14,54,41,-84,15,-44,62,66
864,-57,18,-42,73,-35,-76,72,82,31,10,-4,-95,38,-85,-96,-50,94,59,71,11
865,20,-62,49,-95,9,0,-66,82,18,-77,61,-58,58,81,-86,-19,-16,25,34,-64
866,24,57,-88,-59,53,-47,22,-65,-72,81,-55,-68,-50,-62,74,-78,-19,-56,79,80
867,-8,-22,19,17,46,-18,-11,-50,-61,76,94,-57,-11,-47,-19,-75,50,71,-89,32
868,78,26,82,7,19,81,-45,-91,-98,86,-69,-12,-30,-22,94,-48,-100,44,-30,-75
869,14,-70,-78,-94,-41,-70,5,-36,69,-26,4,92,60,-19,44,65,-20,-31,86,-15
870,-7,39,-42,77,-15,76,-89,-41,5,48,-78,-62,32,47,-15,80,26,-53,-20,39
871,12,-12,-89,45,59,29,5,-18,86,-43,60,21,-10,-2,89,-49,-94,-92,-66,-54
872,-31,-19,91,8,-86,-58,-68,43,92,84,67,-44,-1,-82,18,-40,98,-84,93,80
873,-75,-28,-100,-67,48,-87,74,-1,45,79,-67,100,61,57,-80,-53,-81,-1,-18,54
874,87,-27,-10,12,-80,46,61,52,-35,-91,-38,-11,-8,-19,-15,20,74,-49,-49,-73
875,-83,-100,-23,-82,20,68,97,-79,-64,9,-30,74,4,81,27,23,-49,-80,90,-32
876,-94,-57,38,-17,78,20,94,16,75,-10,-65,86,-60,-81,52,98,-88,47,56,-1
877,-58,-99,-66,-5,-37,-1,5,-88,-20,-88,91,66,-57,-3,-69,-6,-37,-56,4,-86
878,-44,-59,-58,81,-34,-17,49,12,-4,-50,9,-4,30,-57,38,-15,-64,-24,72,-8
879,59,65,28,-34,4,-63,9,-75,-98,16,-84,28,-68,32,-85,55,-80,70,65,-31
880,88,69,13,-57,-96,12,26,-38,36,28,-14,-37,88,-49,-88,82,68,39,12,-45
881,82,-97,45,-55,-40,36,-18,79,-9,89,-43,97,-70,15,-30,11,34,-52,-46,64
882,35,-36,50,-53,32,-88,-45,-78,-48,97,29,-58,94,45,-90,-22,-89,33,-21,13
883,4,-46,43,34,63,-55,-20,-38,40,-48,64,-41,77,-12,17,10,-10,-6,98,92
884,-38,48,6,-34,-79,84,-10,45,82,25,25,-56,-26,40,-10,-53,20,58,39,-27
885,13,53,73,-83,52,-14,21,17,34,-50,53,60,51,64,94,-71,85,-1,-81,-38
886,4,-80,-28,-81,67,83,-77,77,11,52,44,17,-53,74,-6,-34,20,3,-8,64
887,19,-63,-78,-90,98,-96,29,-28,-60,68,30,-29,73,-70,-80,50,63,-82,27,46
888,86,86,-57,-97,-52,11,-98,63,65,-63,45,5,65,52,-38,85,21,85,76,7
889,32,73,-62,-56,-86,23,27,7,81,-52,-43,-56,-73,-10,33,-29,-66,5,-44,64
890,9,-71,-70,3,-81,63,-46,-67,-66,-97,-10,-94,-34,-19,-41,59,-40,5,10,61
891,42,-11,27,67,98,-4,-43,59,16,2,-82,-22,4,-89,78,18,59,-74,29,-33
892,29,54,-84,-84,26,72,6,-67,-91,36,-94,90,87,54,-74,-43,34,-68,-64,1
893,75,-12,-57,-92,89,-73,26,65,-1,30,-49,-70,49,91,90,-16,-60,1,-46,31
894,-84,26,73,-31,58,-28,21,-70,-69,-83,-57,76,-5,-97,59,53,56,-41,95,-28
895,77,60,82,22,67,-74,-11,-70,56,-40,25,-21,33,-63,58,-31,88,-39,-62,-41
896,87,-15,90,-49,2,98,71,-33,95,72,-64,0,-91,-36,-48,33,88,11,63,-86
897,39,14,51,79,-56,-47,-32,90,74,13,-35,-17,27,-42,28,-19,3,68,-31,-47
898,-63,-56,12,34,-2,-4,-81,37,-12,-93,-27,35,-73,51,-82,82,-7,59,-98,-77
899,-41,72,-80,-68,51,-57,-50,65,-73,53,-41,47,70,65,8,-92,19,-82,-84,91
900,-70,-94,-26,77,26,88,-31,-89,-91,82,-99,46,18,37,33,-7,-12,60,21,-41
901,-46,67,-87,52,-40,-86,91,-44,-63,52,-55,-70,-90,14,-65,-91,65,-80,31,89
902,24,-74,23,-80,53,-18,-34,52,-71,42,-54,48,92,-2,-16,41,-85,-81,-4,23
903,-48,12,-24,81,78,1,84,46,66,76,23,-45,66,-43,-52,13,96,-9,96,-14
904,-57,-79,-55,-62,49,34,-29,-41,-53,80,-9,-6,96,8,59,10,-46,-92,67,-27
905,-97,16,67,-61,-61,-18,-63,-45,64,27,-8,96,67,3,-78,45,95,-21,-60,32
906,56,2,-73,-97,78,70,-46,-27,35,79,-76,71,17,-36,3,55,88,-62,-56,-9
907,-40,96,-48,71,-20,11,99,92,-86,-42,-68,80,-66,-68,-71,-61,-22,-8,-80,-61
908,13,1,-15,53,74,-22,-54,32,-96,54,36,82,-58,4,-25,-4,88,43,8,36
909,-13,-7,68,-10,-84,-33,-48,77,-72,-45,42,12,28,-41,23,28,-62,-26,88,84
910,-60,-75,73,-97,75,97,-2,-91,30,-20,7,-79,40,33,-24,69,58,-100,-26,89
911,-34,84,4,-65,14,10,58,16,-48,-39,-58,22,-51,81,-93,-98,0,-54,-77,77
912,-60,-12,55,-7,0,-77,-94,96,77,30,72,21,97,-50,31,72,81,66,31,-97
913,-73,-34,90,-28,33,-14,-89,42,-95,-16,66,69,-34,34,59,-91,39,-27,10,-1
914,-46,-42,68,-22,84,-79,-55,19,62,-50,54,93,3,70,-64,45,25,-57,-58,-80
915,-77,-54,-17,80,-13,64,-3,91,-10,-84,45,44,84,-92,36,-38,42,-68,-32,-54
916,47,-48,-67,53,-51,-55,-91,85,-50,-12,-85,48,-11,64,-19,60,26,-61,90,-29
917,53,-52,1,-65,-62,93,-68,-40,-18,61,91,84,-75,26,74,-91,-69,26,-17,16
918,12,-68,41,-11,39,-42,-46,20,82,-32,91,90,98,-37,-54,5,49,84,-5,-36
919,-24,-4,2,-76,12,17,-26,34,-7,38,-14,-14,-80,-80,-29,-34,37,60,59,-29
920,-20,93,76,-43,-9,17,73,-39,64,50,97,56,23,-100,38,-67,-46,-33,-38,-75
921,3,-45,-26,-80,45,-39,-2,3,-47,12,-33,26,-64,-42,57,28,16,3,57,93
922,-5,-25,84,-28,-95,91,92,-20,-56,-66,66,-79,73,-68,79,-9,58,-57,36,-79
923,90,23,58,-20,-1,10,33,20,50,92,-57,-99,38,62,-84,-39,17,100,-95,-14
924,39,23,73,-25,-4,93,-39,0,-63,-89,43,91,-53,-7,-17,21,98,-6,99,11
925,-71,-61,65,-84,-17,-61,-10,41,91,30,-39,94,-74,2,-77,26,-17,-80,93,34
926,83,-77,-93,60,34,-48,-66,-97,-46,-60,-42,-92,5,31,76,-74,19,-8,-72,1
927,-29,-75,-5,-77,-35,-82,-84,96,80,97,89,46,-91,71,54,-65,80,89,-77,-63
928,-81,-30,-59,54,39,38,6,-83,-16,74,-99,31,-67,-62,-38,48,-96,80,6,-56
929,57,41,-91,-95,12,76,16,73,-41,-59,85,-26,-84,-56,-36,80,-83,-26,-65,-71
930,-5,-60,3,-75,8,47,-59,55,-89,65,2,0,-76,47,-47,-29,29,38,67,80
931,56,24,12,-72,88,17,48,-19,62,66,-87,1,16,-76,57,43,2,-98,-98,67
932,36,75,93,-100,48,-91,-95,74,70,-94,16,-27,16,-25,33,3,24,24,8,-75
933,39,-66,-17,39,81,81,42,-96,-85,41,88,-62,41,25,-69,-74,-52,-71,34,-54
934,49,-10,73,52,-60,-5,-71,5,56,-11,42,51,60,45,-6,40,-41,32,45,61
935,92,-60,-80,-66,-28,67,-84,0,72,-76,-56,14,63,91,36,-90,78,97,-99,-99
936,-94,-56,-7,80,52,-45,71,-54,-49,-92,24,25,13,-78,73,67,65,74,6,26
937,-98,-14,0,-85,-97,-30,37,84,-42,19,88,40,66,-87,-61,22,-96,65,59,23
938,7,26,19,24,62,-86,10,27,-25,1,-96,-67,-73,10,25,97,-21,88,99,75
939,-92,25,-6,40,73,-16,-55,-78,74,56,34,-10,-22,60,-30,47,74,-29,6,32
940,-59,-74,1,-97,42,99,19,37,45,-3,-11,-89,-29,-56,96,72,-76,-95,-27,-74
941,93,64,73,-81,81,27,42,70,-66,-5,89,57,19,-85,31,-2,59,38,88,-54
942,41,72,30,12,29,4,60,37,-77,97,85,-64,-32,-41,-29,67,54,-41,34,90
943,-50,-84,-36,47,2,-33,73,-14,21,57,-9,-26,18,-23,98,56,-43,25,96,-62
944,2,-75,23,-81,-78,-68,-74,82,-1,72,67,-28,-80,6,80,1,35,-99,-12,93
945,66,-14,-78,-97,100,8,-28,-20,-61,-98,38,-43,30,-49,-74,-57,-78,44,67,-90
946,62,59,51,-60,47,9,98,71,-33,66,84,-7,14,25,-94,8,84,56,-42,93
947,-94,-20,66,-35,51,-40,51,64,-25,-20,-39,24,-1,48,-88,41,-87,69,0,-5
948,68,-23,-38,-15,-24,-98,-21,-91,-27,-74,-50,100,-95,12,-30,31,-35,-58,-24,-83
949,-23,27,92,86,88,-14,13,16,81,-72,-59,-2,87,-13,-78,-17,-53,96,-97,42
950,-95,15,-98,-22,0,-44,-100,-91,99,-47,-61,47,-55,22,49,37,-75,-24,-90,-25
951,-58,-10,16,73,-32,58,81,-76,-11,1,-21,-41,70,99,37,93,39,-30,-35,70
952,6,2,-83,-61,-90,88,-56,-26,100,85,74,2,-53,-54,-33,-80,2,-64,-46,-44
953,-42,-98,90,-53,-12,6,50,-95,-56,-27,-83,94,-48,66,-73,34,72,100,-64,-99
954,45,30,44,-83,-32,-21,69,-47,42,87,97,39,92,-18,1,-30,-98,6,-98,-14
955,6,81,27,50,-5,98,-18,91,7,-88,-36,-78,-97,-76,-31,57,99,60,-99,78
956,-71,-24,68,-80,55,-10,1,-99,56,77,-42,-29,-98,-24,84,-67,38,3,-4,-52
957,68,41,67,-37,70,-55,0,25,-42,-83,-88,-53,22,-83,6,35,87,-62,-37,-97
958,-87,-29,-69,-78,96,72,-68,-46,64,-48,-80,-100,14,-37,-3,56,-54,11,4,23
959,-25,78,-40,-35,-89,74,51,-41,79,-51,72,-79,-49,-30,92,30,-63,32,-66,33
960,-79,-58,-99,-36,-9,-42,-18,-53,41,-82,-14,-61,34,53,-90,80,-82,59,6,24
961,18,-60,-16,22,32,43,-79,-39,83,-27,27,66,31,-71,-79,-38,66,65,96,30
962,-30,-10,-66,57,98,-48,-73,-85,-69,28,16,-56,73,-68,70,77,-49,98,2,-83
963,84,15,-22,14,61,41,50,59,-87,-76,24,7,-100,-1,-15,-29,69,-42,66,84
964,60,-13,-6,40,-54,84,-57,93,-40,-89,-87,15,-54,63,93,-76,-13,4,50,-79
965,-37,66,-5,-5,90,-38,-84,27,-100,47,40,-58,-67,-94,-21,85,21,1,-89,3
966,57,-11,62,-5,99,-57,52,68,8,69,51,-97,-36,-75,26,-28,-90,-7,-16,-70
967,-9,-51,28,-79,-9,-32,-22,-92,61,27,13,-84,-10,61,43,-32,69,38,73,93
968,-78,-63,-98,65,93,34,5,-20,90,51,82,35,-24,39,37,91,-46,-6,-60,-40
969,-65,-70,-45,-5,94,-56,25,-87,-80,25,56,-45,-80,-77,-26,48,-33,-86,-35,-87
970,48,70,51,-31,11,-76,47,45,0,69,-89,19,33,-65,-70,-56,-80,22,-64,8
971,78,86,49,55,-48,-60,14,2,-40,-69,73,61,93,98,-23,-68,-15,-27,37,83
972,34,-24,36,83,73,67,16,-44,-52,-16,-91,88,-36,85,91,61,80,-10,41,-9
973,65,11,32,11,43,47,-1,-56,-4,-25,-56,-88,39,29,-92,11,61,95,-62,76
974,55,-94,94,-55,-35,-77,-50,10,91,-80,-82,90,30,-62,-97,41,-59,57,58,29
975,13,-19,54,-20,68,25,-87,-15,85,-72,12,-21,-53,-94,32,97,100,47,-23,-65
976,-59,-22,69,-78,85,-49,-29,18,96,14,-60,15,53,-29,93,80,-19,-89,-20,80
977,-47,3,78,-68,-77,-63,-42,12,-27,100,56,39,-73,-49,-43,-14,5,47,33,94
978,-40,-71,27,61,-53,7,53,-100,-39,-34,-82,91,-73,16,52,-56,-29,-84,-22,41
979,-2,58,41,-53,-13,57,-4,95,-11,71,67,-80,-74,-50,54,27,89,-81,-18,-3
980,-91,-26,-24,-64,-53,99,10,-93,-19,-78,78,46,99,-99,24,21,-9,-58,49,99
981,56,15,-89,61,47,60,31,56,21,-79,-65,62,-91,-29,1,19,62,-21,-12,-25
982,17,-5,2,-10,-66,59,70,-88,-61,-39,-60,-8,-50,91,72,50,18,31,96,36
983,87,-42,25,69,-16,36,-7,-79,83,-76,-96,97,-76,10,-25,0,-26,33,91,72
984,76,-63,-92,36,-28,-37,-26,93,87,99,-40,-35,-87,-96,100,-6,49,8,-98,4
985,-61,-64,72,29,20,73,40,-95,94,-52,-60,-57,-89,-31,-76,-41,-62,14,-11,-62
986,73,-87,23,58,24,99,4,-52,55,-52,94,86,-81,-26,42,25,-54,71,93,-36
987,-5,13,-30,68,-54,-64,-22,99,86,51,84,58,10,44,53,87,91,9,45,-24
988,6,66,58,-70,-11,-78,-23,67,54,-79,-28,-62,-75,-74,21,-27,-5,52,29,-31
989,-43,39,-8,-13,-17,98,24,89,60,51,57,37,-32,-32,75,33,95,86,86,-60
990,8,100,-15,67,48,34,63,-65,58,-79,70,43,-69,-73,-100,-96,-54,7,-74,41
991,40,99,11,-49,-14,71,-48,-42,-97,28,-29,-74,-82,-43,37,43,44,58,-77,65
992,80,42,48,-52,-25,-58,63,3,84,-25,-99,-44,30,73,95,6,-60,-93,61,39
993,-9,-22,81,-27,88,-12,75,69,88,19,31,10,-39,-1,27,12,12,-19,-70,-56
994,16,-51,-7,-53,-41,31,-97,-52,52,85,-90,-47,9,-53,-32,53,-82,-68,-41,-63
995,-41,94,-41,97,-29,-49,-42,0,-84,-35,86,-8,45,-83,61,28,-83,3,64,34
996,64,-95,-52,-77,-73,48,-84,-84,78,-52,-37,-71,57,-15,70,62,-20,-11,84,21
997,34,17,-14,93,-63,71,-56,24,-68,58,-8,-82,73,-21,4,63,58,87,32,37
998,60,-1,-55,21,-66,62,67,-30,-6,40,-1,-80,-92,58,-20,64,54,-48,-86,7
999,-37,-88,95,-6,-91,77,40,-64,-14,1,-28,30,-7,29,88,15,24,16,-97,65
1000,45,8,78,33,-58,29,-79,87,-84,22,67,98,-81,-100,44,50,-21,13,7,22
